protocol,throughput_mbps,mean_rtt_ms,p90_rtt_ms,p99_rtt_ms,std_rtt_ms,loss_rate,retx_rate,flow_count,app_type,network_load,data_source,best_protocol
reno,4.3561,50.474,232.4178,232.6134,90.2225,0.099339,0.081566,7,streaming,0.68,ns2,reno
reno,4.2941,48.5993,230.2322,246.7696,89.0466,0.077629,0.063265,22,streaming,0.13,ns2,reno
reno,4.2016,50.8508,270.7197,260.4152,74.5195,0.116777,0.061415,29,streaming,0.83,ns2,reno
reno,4.831,53.1149,248.834,236.6463,97.1705,0.077154,0.068654,45,io,0.19,ns2,reno
reno,4.1428,59.3317,222.1357,243.4746,76.7336,0.071913,0.064592,11,io,0.66,ns2,reno
reno,4.5115,49.2619,237.2019,226.4667,76.0638,0.113706,0.078482,43,io,0.44,ns2,reno
reno,4.3505,48.7045,254.758,318.3899,87.2135,0.099726,0.08569,8,sort,0.67,ns2,reno
reno,4.9712,47.9559,201.6315,278.9936,85.0369,0.097835,0.057283,36,streaming,0.31,ns2,reno
reno,4.212,47.6883,227.5157,260.0831,75.9371,0.095251,0.089831,30,sort,0.46,ns2,reno
reno,4.3294,44.0207,207.6258,216.7106,86.8383,0.105567,0.068504,9,streaming,0.43,ns2,reno
reno,5.0542,52.4842,291.9188,286.638,68.4269,0.102344,0.080183,39,sort,0.45,ns2,reno
reno,3.6725,52.9109,240.8743,229.259,89.6673,0.112568,0.102095,16,sort,0.78,ns2,reno
reno,4.7028,49.7849,270.8563,272.4734,72.6521,0.108115,0.076488,38,streaming,0.56,ns2,reno
reno,3.5045,49.2345,330.2719,330.4206,92.9425,0.091624,0.060889,41,sort,0.93,ns2,reno
reno,4.0323,66.6584,337.0885,295.7634,71.8427,0.11412,0.105647,15,streaming,0.95,ns2,reno
reno,4.3142,44.9914,244.6418,265.4851,74.0962,0.07748,0.090638,46,sort,0.34,ns2,reno
reno,4.2263,47.0823,209.7768,209.3063,84.6406,0.094881,0.050767,50,sort,0.44,ns2,reno
reno,3.3931,46.0712,250.0576,272.0666,76.4075,0.095587,0.078961,41,streaming,0.67,ns2,reno
reno,4.495,60.6765,233.2563,228.1064,80.968,0.090696,0.074539,8,streaming,0.62,ns2,reno
reno,3.3992,54.0878,253.7732,309.4242,75.5161,0.079403,0.07562,32,sort,0.71,ns2,reno
reno,4.1284,56.5729,231.0782,270.973,84.5331,0.062387,0.088808,5,io,0.27,ns2,reno
reno,3.2573,59.8548,259.3261,283.3977,69.8363,0.097087,0.108138,21,streaming,0.97,ns2,reno
reno,3.4521,63.7464,309.819,320.4383,87.8673,0.102759,0.067451,18,io,0.93,ns2,reno
reno,4.0162,50.6563,269.7196,246.2755,82.3351,0.131032,0.085315,8,sort,0.97,ns2,reno
reno,4.1813,50.6865,243.5103,331.2711,80.1527,0.132079,0.087023,42,streaming,0.96,ns2,reno
reno,3.4437,58.0584,270.2344,250.6281,75.8781,0.105341,0.067957,21,sort,0.64,ns2,reno
reno,4.4992,51.2958,289.0172,294.3773,68.3621,0.097241,0.075262,11,sort,0.46,ns2,reno
reno,4.6981,41.2241,215.8962,196.0314,75.3854,0.072004,0.063682,39,streaming,0.17,ns2,reno
reno,4.6396,62.6012,273.6982,291.9611,84.661,0.123491,0.059803,13,sort,0.73,ns2,reno
reno,4.8242,43.973,222.2764,219.6473,78.3325,0.097174,0.084675,37,streaming,0.34,ns2,reno
reno,3.5613,51.8954,235.8168,214.0596,91.1328,0.100492,0.063673,33,streaming,0.54,ns2,reno
reno,4.1909,46.7239,302.8097,283.521,72.539,0.068196,0.069671,40,io,0.6,ns2,reno
reno,3.8382,46.0984,269.174,276.9254,69.2762,0.077126,0.074825,47,streaming,0.23,ns2,reno
reno,5.3011,46.2149,239.8098,204.549,95.8782,0.101424,0.085597,16,sort,0.19,ns2,reno
reno,3.3451,67.9012,311.8124,278.542,88.1075,0.116941,0.069601,15,streaming,0.89,ns2,reno
reno,3.7012,48.064,274.0351,251.0586,95.5366,0.091239,0.095657,19,streaming,0.81,ns2,reno
reno,3.9972,46.5024,269.431,282.7909,76.4268,0.093568,0.064844,39,sort,0.3,ns2,reno
reno,3.7516,59.8106,217.3485,291.4245,76.0186,0.068088,0.068404,25,streaming,0.4,ns2,reno
reno,3.6505,60.1337,224.4453,214.6622,81.1176,0.09257,0.08664,48,sort,0.49,ns2,reno
reno,4.2646,50.5031,265.6592,321.6089,95.6059,0.105922,0.086642,12,sort,0.75,ns2,reno
reno,3.9394,60.0914,255.3514,296.5247,84.6553,0.080396,0.086715,29,io,0.75,ns2,reno
reno,4.1389,52.0362,274.0041,224.5378,76.6597,0.093429,0.08177,46,streaming,0.71,ns2,reno
reno,4.2772,45.7352,242.6648,285.0223,91.8772,0.07114,0.053297,37,io,0.39,ns2,reno
reno,3.7485,62.302,292.8792,289.9878,74.7983,0.0797,0.055604,20,sort,0.7,ns2,reno
reno,4.1463,51.1812,281.6885,309.2125,73.8954,0.117638,0.083907,20,sort,0.99,ns2,reno
reno,3.7781,52.8378,255.5058,203.1682,80.7915,0.067922,0.085991,38,sort,0.23,ns2,reno
reno,3.8197,59.6994,250.9169,287.212,88.0379,0.119322,0.078071,33,sort,0.52,ns2,reno
reno,4.6126,53.6504,303.5785,263.9014,72.841,0.116677,0.074407,20,sort,0.65,ns2,reno
reno,4.1771,58.8737,293.5692,262.2115,70.3997,0.088591,0.070189,25,io,0.86,ns2,reno
reno,3.2804,53.3448,303.6144,309.8938,70.0035,0.097065,0.084311,31,streaming,0.9,ns2,reno
reno,4.5166,51.9514,264.0859,191.2772,94.4069,0.086135,0.065004,27,io,0.16,ns2,reno
reno,4.9547,58.9461,236.4108,269.5618,84.4078,0.093636,0.058711,19,io,0.37,ns2,reno
reno,3.6731,47.3871,257.5955,237.4897,73.0169,0.085909,0.054437,44,io,0.35,ns2,reno
reno,4.2615,57.1648,220.6098,256.9555,93.9942,0.076012,0.064347,25,io,0.58,ns2,reno
reno,4.2443,56.1615,218.475,280.5257,80.6844,0.103247,0.067552,39,io,0.29,ns2,reno
reno,4.251,39.865,264.12,192.3582,69.0112,0.069666,0.079066,44,io,0.15,ns2,reno
reno,4.5377,41.8687,271.2864,234.4738,75.7429,0.077941,0.071976,50,streaming,0.24,ns2,reno
reno,5.4183,41.2151,191.2127,218.5064,88.3299,0.106447,0.062654,50,streaming,0.2,ns2,reno
reno,4.8328,51.5066,202.7499,264.1502,93.4993,0.090859,0.052969,41,sort,0.28,ns2,reno
reno,3.9209,60.8187,233.3382,295.6429,68.4619,0.095213,0.079537,32,io,0.8,ns2,reno
reno,4.235,59.1379,252.3372,258.9221,83.6789,0.113839,0.08934,39,sort,0.96,ns2,reno
reno,3.7854,62.2569,253.1686,316.277,92.9146,0.075207,0.098328,20,io,0.8,ns2,reno
reno,4.0515,54.6701,228.073,314.4596,73.519,0.08228,0.093786,26,sort,0.78,ns2,reno
reno,4.7434,46.3019,199.3156,285.6365,70.6427,0.099193,0.069618,20,sort,0.35,ns2,reno
reno,4.2647,55.1623,223.1718,254.2131,80.1714,0.082743,0.085943,28,sort,0.72,ns2,reno
reno,3.9509,62.7178,260.3104,246.0064,81.6463,0.081836,0.062088,17,sort,0.53,ns2,reno
reno,4.4383,55.6305,216.5829,222.9303,82.5566,0.100367,0.090994,38,sort,0.38,ns2,reno
reno,4.5392,50.9152,250.8109,249.2657,89.2466,0.074185,0.055628,8,streaming,0.64,ns2,reno
reno,4.7566,57.0084,284.7455,227.3256,68.4503,0.082276,0.074638,26,sort,0.6,ns2,reno
reno,4.1328,55.4852,203.1336,202.2609,82.7822,0.089368,0.075982,14,streaming,0.27,ns2,reno
reno,5.3395,41.2229,211.7575,241.6386,80.5233,0.089183,0.072249,38,sort,0.23,ns2,reno
reno,3.9876,53.4319,242.4556,259.1648,69.884,0.114974,0.054748,18,io,0.44,ns2,reno
reno,4.2633,48.4393,234.3715,228.6239,68.1637,0.0933,0.081255,23,io,0.66,ns2,reno
reno,5.1054,50.3033,221.5376,244.4093,95.6998,0.095654,0.07015,47,io,0.13,ns2,reno
reno,3.7501,58.7201,292.4779,323.7796,92.792,0.074701,0.064322,24,streaming,0.82,ns2,reno
reno,4.6684,53.7419,261.0591,249.4419,80.1148,0.082541,0.078319,33,sort,0.64,ns2,reno
reno,5.3454,51.5219,236.8304,192.4453,74.9263,0.091314,0.08044,42,streaming,0.17,ns2,reno
reno,4.1413,61.6548,315.6733,258.8223,83.5957,0.100794,0.072412,42,sort,0.96,ns2,reno
reno,4.9521,52.005,244.2963,240.2379,71.2102,0.072861,0.069302,36,io,0.49,ns2,reno
reno,4.9069,51.4272,238.8018,230.2594,77.7465,0.112695,0.066276,37,io,0.36,ns2,reno
reno,4.0506,59.0004,270.5171,251.9007,78.8974,0.116668,0.086975,8,streaming,0.84,ns2,reno
reno,3.9217,45.4923,269.1165,239.2296,68.9466,0.092382,0.080869,50,sort,0.28,ns2,reno
reno,3.7793,47.0074,210.4731,266.6486,71.4751,0.107287,0.073674,14,sort,0.24,ns2,reno
reno,3.8498,57.4796,249.3682,259.7683,82.1985,0.090713,0.058617,17,sort,0.55,ns2,reno
reno,4.0731,51.7428,241.7749,319.3197,93.6224,0.093636,0.097176,22,sort,0.93,ns2,reno
reno,4.145,65.1691,287.2723,300.1644,93.9467,0.097868,0.080128,26,io,0.84,ns2,reno
reno,3.9197,62.7761,295.7207,311.1927,75.2217,0.087868,0.091753,31,sort,0.6,ns2,reno
reno,4.6894,54.0365,216.3615,270.1307,91.7687,0.089308,0.051807,7,sort,0.14,ns2,reno
reno,4.3467,41.2169,260.0835,201.2597,95.2972,0.05941,0.052707,46,sort,0.21,ns2,reno
reno,3.6614,70.3287,272.3172,314.2534,87.5076,0.126784,0.101456,39,streaming,0.97,ns2,reno
reno,4.4978,59.004,247.7513,256.6506,86.5398,0.075762,0.080055,23,io,0.44,ns2,reno
reno,3.1314,71.0828,318.7147,317.925,71.0879,0.084393,0.074255,6,sort,1.0,ns2,reno
reno,4.3832,44.9166,197.1859,232.314,84.9995,0.096207,0.05251,10,streaming,0.14,ns2,reno
reno,4.2163,49.9624,304.148,234.5631,81.8676,0.081727,0.065444,5,io,0.65,ns2,reno
reno,4.3046,63.003,249.5218,283.1636,78.4128,0.108451,0.089301,32,io,0.91,ns2,reno
reno,4.455,50.1244,258.9032,272.8907,75.1739,0.102028,0.081758,49,io,0.72,ns2,reno
reno,4.2305,41.7007,275.5128,272.3058,97.1851,0.109897,0.080915,23,sort,0.37,ns2,reno
reno,4.0246,54.4209,289.7813,292.9494,88.3423,0.113266,0.087649,13,streaming,0.8,ns2,reno
reno,4.2308,51.608,260.6415,278.4414,89.9742,0.072717,0.067661,31,sort,0.67,ns2,reno
reno,5.0212,55.566,223.7922,239.1627,76.2296,0.068008,0.085039,35,streaming,0.26,ns2,reno
reno,4.0306,56.6725,249.0659,342.8373,72.291,0.133991,0.101848,48,io,0.97,ns2,reno
reno,3.5139,66.6367,239.1545,298.5187,81.6774,0.115849,0.092654,42,sort,0.98,ns2,reno
reno,4.9832,44.4807,224.9869,209.6697,94.5138,0.09342,0.090039,19,sort,0.44,ns2,reno
reno,4.4748,63.7694,248.0563,262.498,72.2617,0.1226,0.068284,36,sort,0.68,ns2,reno
reno,5.2889,41.6913,226.7386,248.7569,90.2964,0.105836,0.063554,14,streaming,0.2,ns2,reno
reno,3.227,58.832,274.4115,335.3465,69.0616,0.094779,0.079417,20,sort,0.9,ns2,reno
reno,4.4602,55.786,322.2291,301.059,69.8936,0.088229,0.104458,34,streaming,0.87,ns2,reno
reno,4.9109,49.3357,189.5956,256.8655,75.3641,0.064327,0.068926,9,streaming,0.18,ns2,reno
reno,3.4196,52.3092,317.2632,267.0302,72.4941,0.125751,0.056914,14,sort,0.85,ns2,reno
reno,3.3521,53.3949,307.4922,244.9796,68.5279,0.12355,0.070953,25,sort,0.99,ns2,reno
reno,4.0129,50.613,225.8463,247.5312,82.3189,0.094531,0.065328,11,io,0.11,ns2,reno
reno,4.8867,44.1946,280.066,292.4527,83.6701,0.08971,0.094119,8,streaming,0.51,ns2,reno
reno,3.5756,52.082,313.6826,290.167,94.9631,0.094253,0.066601,13,io,1.0,ns2,reno
reno,4.559,54.204,231.6142,254.5859,76.8983,0.087915,0.067163,49,sort,0.35,ns2,reno
reno,4.8939,52.6313,248.9189,210.3277,81.5808,0.069893,0.06034,34,sort,0.2,ns2,reno
reno,3.6521,50.7245,265.2319,242.9466,72.6461,0.113657,0.053686,10,sort,0.46,ns2,reno
reno,5.084,45.4832,198.5642,195.9456,96.6776,0.086013,0.073124,31,streaming,0.18,ns2,reno
reno,5.0152,50.0375,284.3339,210.7796,76.681,0.079473,0.054601,37,sort,0.42,ns2,reno
reno,4.4791,55.5858,224.6169,246.2144,71.5177,0.074549,0.057477,32,sort,0.29,ns2,reno
reno,3.9681,61.4272,232.8754,329.4485,92.8766,0.087476,0.065734,49,sort,0.86,ns2,reno
reno,3.6775,50.7443,240.0629,295.817,70.1636,0.114154,0.102374,10,io,0.79,ns2,reno
reno,3.7333,56.0508,240.1339,259.5343,77.7796,0.125452,0.083928,8,streaming,0.77,ns2,reno
reno,3.8388,41.2945,228.8429,230.9672,86.2294,0.080239,0.056127,37,sort,0.24,ns2,reno
reno,3.9915,51.0637,238.3179,236.6449,77.3025,0.069493,0.086211,8,io,0.2,ns2,reno
reno,5.5506,51.0426,245.0228,210.1803,71.6701,0.08089,0.062117,13,io,0.11,ns2,reno
reno,3.8835,52.8763,263.8846,239.638,79.9523,0.103185,0.069322,34,sort,0.44,ns2,reno
reno,3.8434,61.1062,307.6556,282.1605,71.5263,0.073808,0.074157,44,io,0.93,ns2,reno
reno,4.8478,45.047,285.6707,234.4539,85.6853,0.09335,0.069017,24,sort,0.51,ns2,reno
reno,3.6727,50.1918,274.9505,239.728,83.3264,0.12334,0.072176,46,streaming,0.77,ns2,reno
reno,3.2939,52.8601,245.7454,247.6778,90.7751,0.075144,0.102511,45,streaming,0.83,ns2,reno
reno,4.5644,52.382,295.5888,266.694,87.073,0.09979,0.090517,45,sort,0.54,ns2,reno
reno,3.7007,49.7749,226.9305,228.1403,69.7627,0.088838,0.06271,33,io,0.38,ns2,reno
reno,5.3188,39.7346,254.8046,258.2495,86.4665,0.081913,0.063794,40,io,0.13,ns2,reno
reno,4.2408,58.9218,320.522,309.1151,77.6943,0.102887,0.066033,8,sort,0.96,ns2,reno
reno,4.9427,44.9746,267.522,215.4663,89.2348,0.119137,0.074685,44,io,0.51,ns2,reno
reno,5.2706,46.6473,256.7115,252.7563,69.6489,0.091239,0.060962,26,io,0.24,ns2,reno
reno,4.4669,43.5568,258.9143,272.6546,86.0987,0.065762,0.049858,47,sort,0.19,ns2,reno
reno,4.2823,51.1821,246.4594,205.0738,89.271,0.06331,0.069841,46,io,0.23,ns2,reno
reno,4.1013,64.4602,300.7644,300.2945,83.8178,0.109071,0.076541,28,streaming,0.81,ns2,reno
reno,4.2187,41.9125,260.6867,227.0632,74.8552,0.063614,0.048535,11,io,0.12,ns2,reno
reno,4.6499,61.0945,215.0269,246.7805,90.9889,0.072727,0.069196,15,sort,0.56,ns2,reno
reno,4.996,54.3784,206.8346,233.6455,80.3644,0.094156,0.057389,33,sort,0.26,ns2,reno
reno,4.4551,49.827,239.9306,314.254,91.5288,0.119121,0.062622,48,sort,0.65,ns2,reno
reno,3.6702,55.1476,275.3695,295.2113,96.9658,0.123939,0.098369,13,io,0.95,ns2,reno
reno,3.9738,66.8331,288.5962,246.5271,93.3677,0.124081,0.071416,15,streaming,0.89,ns2,reno
reno,3.8615,49.2244,280.8792,221.3496,81.5681,0.079715,0.050191,8,sort,0.35,ns2,reno
reno,3.8686,61.373,239.0776,211.2405,95.9064,0.109099,0.079046,14,io,0.46,ns2,reno
reno,5.3043,47.8224,259.7742,257.9011,82.1056,0.089861,0.083609,6,io,0.22,ns2,reno
reno,4.5292,54.1352,242.8732,210.2052,76.6952,0.076684,0.050756,31,streaming,0.33,ns2,reno
reno,3.9457,47.7922,306.0289,280.9137,68.5749,0.097599,0.065386,14,sort,0.68,ns2,reno
reno,4.5914,45.7981,235.4584,261.335,70.6427,0.112931,0.052078,38,streaming,0.36,ns2,reno
reno,4.1931,52.0189,257.4357,277.4248,97.4074,0.080301,0.053503,9,sort,0.59,ns2,reno
reno,4.5867,43.9865,253.82,273.7545,72.0714,0.081363,0.064501,46,sort,0.41,ns2,reno
reno,4.4938,52.3762,246.2996,265.8104,69.9698,0.099256,0.066387,23,sort,0.26,ns2,reno
reno,5.1506,45.981,220.4865,231.7398,92.4565,0.084328,0.049496,46,streaming,0.28,ns2,reno
reno,5.1286,41.1006,249.1337,220.2047,91.9764,0.08219,0.064237,33,io,0.27,ns2,reno
reno,3.5434,52.5403,304.235,275.4186,91.915,0.088615,0.061787,32,io,0.91,ns2,reno
reno,5.5237,42.0451,211.3558,198.8556,77.8853,0.072532,0.063989,50,sort,0.17,ns2,reno
reno,4.1637,51.4168,272.4378,293.9414,86.4618,0.087641,0.079067,8,sort,0.48,ns2,reno
reno,4.5298,47.7343,248.8454,203.6498,69.0145,0.099963,0.073201,33,sort,0.17,ns2,reno
reno,4.2998,49.3274,214.0865,266.0119,69.0517,0.064606,0.063293,28,streaming,0.13,ns2,reno
reno,4.4294,52.1709,238.9646,265.7193,75.5447,0.068992,0.082021,36,streaming,0.43,ns2,reno
reno,3.5678,59.1674,277.7167,235.9402,86.3729,0.104582,0.097364,17,sort,0.57,ns2,reno
reno,4.5466,55.0529,226.7755,200.2506,88.4668,0.101136,0.059761,27,streaming,0.21,ns2,reno
reno,4.0001,64.491,305.9956,297.1484,95.8018,0.106484,0.092552,37,sort,0.74,ns2,reno
reno,4.9661,44.8692,237.6759,229.9752,85.1893,0.08456,0.088993,13,streaming,0.3,ns2,reno
reno,3.4102,53.0835,285.4741,267.0747,80.3625,0.09067,0.080152,13,streaming,0.65,ns2,reno
reno,3.1263,59.582,291.6921,255.2169,92.8644,0.108195,0.088394,13,sort,0.98,ns2,reno
reno,4.7422,52.9152,234.8174,225.5314,96.0234,0.076409,0.09283,38,streaming,0.49,ns2,reno
reno,3.4237,62.0958,289.7675,250.2025,77.1352,0.105107,0.082557,15,streaming,0.91,ns2,reno
reno,3.5593,57.9181,284.1856,277.7251,93.2672,0.098969,0.091146,6,sort,0.63,ns2,reno
reno,5.1455,43.4852,204.5375,238.0807,86.5592,0.05937,0.08157,39,sort,0.17,ns2,reno
reno,4.3821,56.0571,258.9159,228.742,70.2649,0.064689,0.06777,35,io,0.36,ns2,reno
reno,4.36,49.4681,274.9512,280.9423,93.8127,0.118629,0.057483,28,io,0.52,ns2,reno
reno,3.8791,53.032,236.3598,238.3946,70.9774,0.081646,0.069529,44,streaming,0.56,ns2,reno
reno,4.7291,60.599,271.9222,227.4211,72.8465,0.118341,0.071508,24,streaming,0.48,ns2,reno
reno,4.8286,53.6267,300.4031,234.6077,78.6319,0.068014,0.074274,46,streaming,0.55,ns2,reno
reno,4.0261,63.0584,262.6579,311.4726,89.8292,0.112973,0.07175,30,io,0.71,ns2,reno
reno,4.2008,48.0983,191.9677,230.8622,90.932,0.071265,0.084973,48,sort,0.15,ns2,reno
reno,4.7334,52.999,292.906,253.5506,96.1492,0.110548,0.062854,37,streaming,0.65,ns2,reno
reno,3.5755,45.2905,235.3038,252.0562,81.7433,0.09643,0.073195,25,streaming,0.46,ns2,reno
reno,3.2781,70.234,311.5524,270.477,78.138,0.124321,0.084703,50,io,0.94,ns2,reno
reno,4.5539,51.8895,278.132,312.0151,85.5308,0.111655,0.086075,49,io,0.61,ns2,reno
reno,3.9823,64.7387,293.438,297.5984,85.3494,0.109241,0.081011,15,sort,0.67,ns2,reno
reno,4.3155,60.4506,225.9082,280.0693,69.0273,0.118871,0.057402,6,sort,0.57,ns2,reno
reno,3.694,56.3471,245.2165,283.0471,95.5984,0.112276,0.083788,8,io,0.5,ns2,reno
reno,3.5252,52.9672,287.5002,278.628,77.4619,0.079071,0.098143,26,sort,0.74,ns2,reno
reno,4.5157,58.4616,273.6594,282.9136,86.3191,0.07683,0.063918,40,sort,0.59,ns2,reno
reno,4.8245,54.4123,260.1868,246.5276,82.4252,0.091374,0.088928,22,io,0.37,ns2,reno
reno,4.6895,48.3282,284.7107,275.0145,96.6173,0.103963,0.061478,23,sort,0.36,ns2,reno
reno,3.5065,58.7628,263.0766,290.8867,74.1236,0.10683,0.105233,49,streaming,0.96,ns2,reno
reno,4.6217,51.7689,218.8636,260.1804,83.9567,0.094577,0.051116,31,streaming,0.34,ns2,reno
reno,3.7284,56.1347,202.0065,254.354,95.8549,0.084028,0.089784,35,io,0.4,ns2,reno
reno,4.572,49.1303,235.9217,218.6282,91.0612,0.101037,0.062163,7,streaming,0.53,ns2,reno
reno,3.6404,66.5912,329.8897,241.5968,93.0781,0.121162,0.067094,23,streaming,0.92,ns2,reno
reno,3.5071,61.0797,326.6958,270.6014,81.6644,0.111176,0.083186,13,streaming,0.89,ns2,reno
reno,3.4911,65.0969,264.3589,309.948,87.4612,0.115306,0.057773,26,io,0.87,ns2,reno
reno,4.1072,51.2683,288.0201,295.563,80.204,0.095935,0.071945,30,sort,0.81,ns2,reno
reno,4.6759,55.441,310.7374,224.5355,79.5489,0.094149,0.066928,26,streaming,0.7,ns2,reno
reno,4.5107,46.3244,231.1976,224.0113,88.0441,0.086343,0.056137,48,sort,0.37,ns2,reno
reno,4.5658,57.1882,270.0361,302.8833,79.0697,0.07753,0.094947,35,sort,0.55,ns2,reno
reno,5.3876,46.4059,250.6118,272.7516,90.7212,0.099924,0.080897,20,sort,0.24,ns2,reno
reno,4.5074,47.6154,264.192,293.861,70.4182,0.101287,0.057509,40,sort,0.71,ns2,reno
reno,3.8598,51.7522,266.9514,291.3489,71.5582,0.084824,0.086542,10,streaming,0.91,ns2,reno
reno,4.1793,58.224,285.9163,284.7326,69.8095,0.100711,0.097609,6,io,0.91,ns2,reno
reno,4.6536,53.5668,209.3699,240.2193,69.9895,0.117526,0.09143,9,streaming,0.46,ns2,reno
reno,3.0618,58.4979,318.7833,323.6825,97.3265,0.114451,0.080169,29,io,0.99,ns2,reno
reno,4.0349,56.1996,268.1509,261.1959,87.6181,0.083371,0.059241,39,io,0.5,ns2,reno
reno,4.6401,46.7546,204.9768,210.1011,77.0019,0.099784,0.074228,39,streaming,0.45,ns2,reno
reno,3.9104,48.9138,228.7338,292.7422,89.7549,0.069171,0.085465,31,streaming,0.44,ns2,reno
reno,3.6647,46.5199,273.75,263.9525,88.1707,0.117293,0.064956,7,streaming,0.65,ns2,reno
reno,4.3365,56.8691,275.2319,221.4956,97.7793,0.076192,0.090639,41,streaming,0.46,ns2,reno
reno,4.7967,56.8351,221.8222,282.7877,97.5465,0.089855,0.067298,22,sort,0.39,ns2,reno
reno,5.3647,54.1867,237.0723,224.4679,82.898,0.105388,0.0831,47,sort,0.15,ns2,reno
reno,4.0207,50.2218,217.4082,241.6678,90.6335,0.088669,0.087189,24,sort,0.44,ns2,reno
reno,4.2205,67.3309,287.8411,334.3272,84.7412,0.079557,0.068967,18,streaming,0.87,ns2,reno
reno,5.0166,57.5408,209.7296,270.024,73.7773,0.076635,0.078619,43,streaming,0.4,ns2,reno
reno,4.2038,51.4672,244.2772,234.6036,82.413,0.099986,0.058912,5,streaming,0.14,ns2,reno
reno,5.2579,42.6019,280.1288,239.4949,75.3349,0.091357,0.056584,20,streaming,0.29,ns2,reno
reno,3.9248,54.9707,247.7701,242.5076,83.412,0.09435,0.057396,35,io,0.6,ns2,reno
reno,4.4655,54.6504,266.9026,286.2606,74.6977,0.078546,0.068335,42,io,0.79,ns2,reno
reno,3.7766,48.6543,236.9995,273.5276,75.4287,0.097943,0.096278,26,io,0.62,ns2,reno
reno,5.1985,52.5941,239.6549,215.2247,91.8458,0.069794,0.078866,36,io,0.33,ns2,reno
reno,5.3379,57.1732,237.9415,269.0497,70.3055,0.101719,0.049825,5,sort,0.27,ns2,reno
reno,3.8503,56.1535,206.7378,255.7608,79.2388,0.097355,0.080019,44,sort,0.47,ns2,reno
reno,3.7349,48.8287,290.624,239.0402,83.9082,0.089349,0.106328,6,sort,0.92,ns2,reno
reno,4.4223,59.4209,295.1336,224.4318,70.9626,0.07351,0.060731,38,sort,0.55,ns2,reno
reno,4.0782,48.1841,229.4792,236.1482,84.9718,0.112684,0.0582,48,io,0.33,ns2,reno
reno,4.0342,65.7817,306.1642,242.9474,79.42,0.104592,0.059507,5,streaming,0.85,ns2,reno
reno,3.9512,55.0281,298.6071,281.8506,93.7285,0.07427,0.079792,7,streaming,0.73,ns2,reno
reno,5.1043,49.2866,199.9432,205.6552,95.7498,0.107251,0.071855,7,sort,0.31,ns2,reno
reno,3.7581,43.7754,205.0275,266.6014,92.6208,0.107056,0.059913,41,io,0.26,ns2,reno
reno,4.7497,50.6118,229.6853,264.6727,91.712,0.096656,0.051874,27,io,0.32,ns2,reno
reno,4.2645,39.9907,235.3721,239.9579,85.8867,0.105222,0.058851,45,io,0.15,ns2,reno
reno,4.4081,47.7439,280.42,239.9275,88.4,0.09607,0.052673,44,io,0.35,ns2,reno
reno,4.7326,43.0495,213.1975,266.3685,87.0312,0.100852,0.06278,11,streaming,0.37,ns2,reno
reno,4.5796,52.1535,196.2648,198.2352,80.9658,0.08578,0.06685,11,io,0.18,ns2,reno
reno,4.8606,48.3497,247.4942,258.0701,68.4526,0.077088,0.075927,40,io,0.12,ns2,reno
reno,3.8588,52.1729,272.3412,251.6258,77.0846,0.102612,0.06083,32,streaming,0.91,ns2,reno
reno,4.3979,42.688,220.3584,223.5236,86.7662,0.092555,0.057293,11,io,0.35,ns2,reno
reno,5.3564,45.3839,242.1502,261.743,77.9338,0.075711,0.079962,46,streaming,0.22,ns2,reno
reno,3.427,62.5654,310.2606,292.413,73.3933,0.098555,0.074859,49,streaming,0.98,ns2,reno
reno,4.427,51.9463,245.2516,298.5441,78.9942,0.12143,0.06325,39,sort,0.67,ns2,reno
reno,3.7765,52.9368,272.647,214.0255,91.9268,0.10207,0.050508,31,sort,0.26,ns2,reno
reno,4.1644,50.8471,284.7409,294.9915,91.6695,0.072601,0.100998,35,streaming,0.71,ns2,reno
reno,4.0869,62.8967,280.6316,271.0163,91.7187,0.087043,0.094089,39,sort,0.62,ns2,reno
reno,3.4937,49.8216,278.8838,235.4533,86.3969,0.098946,0.0829,46,streaming,0.63,ns2,reno
reno,4.9921,50.7937,206.2387,232.3603,83.348,0.091673,0.076024,41,io,0.46,ns2,reno
reno,4.3175,54.4267,245.7849,242.1395,78.3949,0.061644,0.052626,31,io,0.3,ns2,reno
reno,3.2243,68.9776,249.1762,271.085,81.6938,0.085369,0.082021,35,streaming,0.93,ns2,reno
reno,4.987,44.7089,213.3009,259.685,71.5236,0.100654,0.072486,48,sort,0.19,ns2,reno
reno,3.4987,51.0198,243.7386,288.3588,96.7325,0.084381,0.075865,16,sort,0.82,ns2,reno
reno,4.4262,40.7717,245.5987,213.6536,85.7849,0.079723,0.076731,18,sort,0.27,ns2,reno
reno,4.9146,42.4277,207.2955,278.8996,73.672,0.078474,0.068313,21,sort,0.35,ns2,reno
reno,4.0247,58.6938,277.9721,283.9447,85.6295,0.088383,0.093935,44,io,0.7,ns2,reno
reno,4.8893,45.3659,244.8393,203.2791,72.0874,0.065623,0.060162,16,sort,0.26,ns2,reno
reno,4.3182,50.2575,216.3914,242.3279,73.6359,0.097426,0.080446,46,streaming,0.44,ns2,reno
reno,3.8052,59.4687,249.6959,272.0876,81.5643,0.076045,0.076063,5,streaming,0.94,ns2,reno
reno,4.6476,62.2741,256.9347,260.1706,88.5495,0.088152,0.089431,36,streaming,0.54,ns2,reno
reno,3.7953,53.36,216.8442,218.9259,84.153,0.067975,0.066158,36,sort,0.25,ns2,reno
reno,4.2206,49.6294,264.2719,311.2498,84.2856,0.108747,0.087143,33,streaming,0.59,ns2,reno
reno,3.5243,60.5895,283.7807,245.2433,97.9535,0.091387,0.068534,10,io,0.59,ns2,reno
reno,4.6431,47.7372,281.7346,265.7042,78.5642,0.103354,0.079249,15,streaming,0.5,ns2,reno
reno,4.4983,61.1628,271.4746,272.2696,85.924,0.076803,0.098749,23,streaming,0.65,ns2,reno
reno,5.1273,50.7783,277.719,274.7306,72.1365,0.101088,0.066589,8,io,0.36,ns2,reno
reno,3.188,68.4531,264.4492,317.8936,92.8473,0.12175,0.093094,36,sort,0.99,ns2,reno
reno,4.2136,46.9632,228.8426,248.0765,94.391,0.063734,0.068088,22,sort,0.23,ns2,reno
reno,3.8869,56.1266,278.868,311.8879,93.4059,0.074139,0.100695,45,io,0.73,ns2,reno
reno,4.4872,61.8443,258.7052,319.0137,92.7387,0.096949,0.069536,23,io,0.7,ns2,reno
reno,3.7755,57.6382,271.3006,285.2746,90.8678,0.064753,0.07659,34,sort,0.4,ns2,reno
reno,4.6826,38.1916,260.6388,203.047,88.666,0.063124,0.070647,15,streaming,0.11,ns2,reno
reno,3.2279,55.941,240.49,304.7232,87.4799,0.074925,0.088168,49,io,0.89,ns2,reno
reno,4.1148,61.3518,225.3425,276.8553,72.0501,0.083119,0.08816,5,io,0.78,ns2,reno
reno,5.3298,54.7438,217.4877,197.3044,70.2008,0.075333,0.073787,11,io,0.11,ns2,reno
reno,5.2959,41.5791,252.452,254.8892,72.0635,0.107832,0.052309,38,io,0.19,ns2,reno
reno,4.3099,53.2963,282.714,278.3185,72.6083,0.089759,0.084311,18,sort,0.61,ns2,reno
reno,4.067,41.2018,248.0338,220.3831,80.9183,0.097429,0.056314,46,streaming,0.18,ns2,reno
reno,4.8425,51.4642,211.3301,269.814,68.8855,0.100216,0.081318,18,sort,0.18,ns2,reno
reno,3.6734,51.7401,272.327,289.8269,91.81,0.079028,0.069812,20,sort,0.57,ns2,reno
reno,3.5189,61.0116,212.0154,248.3433,77.5432,0.086805,0.089655,31,sort,0.55,ns2,reno
reno,3.8063,51.0848,291.5952,213.3832,85.6402,0.063621,0.059604,8,sort,0.43,ns2,reno
reno,3.7304,62.6196,287.7085,283.4219,89.0611,0.078047,0.085138,44,io,0.95,ns2,reno
reno,4.2678,48.8157,208.6646,263.798,84.1166,0.079049,0.073129,46,streaming,0.24,ns2,reno
reno,3.7021,54.7914,313.3237,248.0179,75.3913,0.122381,0.060048,44,streaming,0.71,ns2,reno
reno,4.2838,58.239,233.8752,221.9234,72.185,0.067769,0.076539,27,io,0.65,ns2,reno
reno,3.7786,51.3548,281.9766,298.3145,89.9914,0.072211,0.092925,26,sort,0.57,ns2,reno
reno,3.8765,53.0057,326.1026,296.045,82.9137,0.101488,0.059151,41,io,0.83,ns2,reno
reno,4.1639,41.8033,240.6243,257.3421,74.9108,0.08532,0.049321,5,streaming,0.25,ns2,reno
reno,4.2465,57.4298,212.0047,284.0217,69.1407,0.102583,0.078354,46,io,0.32,ns2,reno
reno,3.8644,60.2613,235.5445,286.0514,85.1671,0.070375,0.080549,8,io,0.48,ns2,reno
reno,5.3406,56.9334,198.656,236.0049,76.522,0.102763,0.061058,40,sort,0.26,ns2,reno
reno,3.7576,54.1039,236.2109,269.737,81.9506,0.09709,0.073328,17,io,0.51,ns2,reno
reno,4.2858,51.6281,224.6156,268.6491,75.0481,0.089794,0.095248,5,sort,0.76,ns2,reno
reno,4.0578,57.3348,313.0754,272.7839,74.217,0.13468,0.079512,8,streaming,0.96,ns2,reno
reno,3.9736,51.4859,333.8434,336.7799,83.6195,0.117613,0.077547,10,streaming,0.98,ns2,reno
reno,3.5393,60.9217,222.3334,273.3385,81.0855,0.121531,0.064034,21,sort,0.62,ns2,reno
reno,4.0767,63.5476,263.0793,262.6493,70.3161,0.083754,0.095246,42,io,0.87,ns2,reno
reno,4.0809,47.3986,222.8262,237.4034,96.917,0.068848,0.059113,21,streaming,0.2,ns2,reno
reno,3.3334,62.5079,314.5967,306.4208,69.2892,0.122482,0.073123,10,streaming,0.87,ns2,reno
reno,3.7931,47.3486,251.9651,307.9109,73.2807,0.125038,0.095428,40,io,0.74,ns2,reno
reno,3.3374,48.8328,302.8893,240.4724,69.927,0.115904,0.066126,17,streaming,0.77,ns2,reno
reno,4.0901,67.2631,237.4233,292.6216,95.506,0.075327,0.105017,17,io,0.84,ns2,reno
reno,4.1802,50.5185,320.1346,321.3932,71.7461,0.13038,0.060205,41,io,0.91,ns2,reno
reno,4.0766,43.6675,269.2946,226.5335,74.5016,0.074306,0.063515,14,sort,0.49,ns2,reno
reno,4.9515,49.3631,225.1756,260.515,82.4021,0.06139,0.060674,31,sort,0.13,ns2,reno
reno,4.1141,58.0108,240.3877,198.9452,79.5167,0.096667,0.067721,36,sort,0.28,ns2,reno
reno,4.345,49.2454,218.1315,234.2581,74.6303,0.110474,0.083355,8,sort,0.41,ns2,reno
reno,3.8842,63.5181,328.5643,331.3472,71.0767,0.110326,0.069368,8,io,0.83,ns2,reno
reno,3.9918,67.278,264.3734,323.8214,97.7213,0.080209,0.067175,25,streaming,0.79,ns2,reno
reno,3.6481,59.8614,298.8744,267.9364,85.051,0.079182,0.10237,36,sort,0.83,ns2,reno
reno,4.0988,46.1663,235.1846,237.7303,83.8194,0.065999,0.094285,17,streaming,0.59,ns2,reno
reno,4.1437,66.6879,312.993,265.0737,68.7387,0.106075,0.100862,12,io,0.83,ns2,reno
reno,4.4444,55.7669,325.4248,274.6419,71.1036,0.089569,0.063589,15,io,0.86,ns2,reno
reno,4.33,66.2707,287.8264,245.0774,97.0398,0.110395,0.099487,27,io,0.76,ns2,reno
reno,5.0023,47.3968,258.253,224.1899,73.3955,0.060466,0.07736,41,sort,0.3,ns2,reno
reno,3.5664,53.8543,287.4226,296.3874,74.6863,0.09393,0.091244,14,sort,0.45,ns2,reno
reno,3.9439,60.0312,216.4034,284.48,70.7357,0.100158,0.077142,26,streaming,0.4,ns2,reno
reno,3.7825,56.3979,239.7527,284.1641,89.6171,0.066877,0.070681,31,io,0.5,ns2,reno
reno,3.6928,57.5388,293.9106,251.7011,82.4158,0.127556,0.091337,48,io,0.97,ns2,reno
reno,3.804,55.7368,220.6023,226.299,96.5293,0.064212,0.05534,29,io,0.3,ns2,reno
reno,4.6589,55.5859,199.4051,245.5013,86.4258,0.083719,0.048632,46,streaming,0.24,ns2,reno
reno,4.0028,41.7743,209.5421,211.6472,88.9232,0.096177,0.077265,21,io,0.25,ns2,reno
reno,3.6186,46.6998,274.7554,305.5395,72.6746,0.088883,0.074215,23,io,0.69,ns2,reno
reno,3.9713,51.8267,231.5622,250.1892,76.8061,0.075748,0.097573,24,sort,0.84,ns2,reno
reno,3.8494,60.9761,236.1919,285.9761,73.6099,0.12348,0.073941,33,io,0.81,ns2,reno
reno,4.6759,42.4004,207.1937,193.4817,90.5683,0.090066,0.049199,27,io,0.14,ns2,reno
reno,4.4948,59.8231,283.8515,317.7762,92.5461,0.095912,0.082387,35,io,0.83,ns2,reno
reno,4.0424,46.3486,300.5786,287.4093,83.0917,0.117894,0.089752,48,streaming,0.62,ns2,reno
reno,3.1876,65.9093,255.7431,346.0165,97.1421,0.12439,0.065137,32,streaming,0.98,ns2,reno
reno,4.5791,56.0156,238.7629,259.9656,75.792,0.103045,0.082569,9,sort,0.17,ns2,reno
reno,4.4999,44.6849,210.611,229.3198,94.1919,0.097204,0.071254,38,sort,0.18,ns2,reno
reno,3.7559,50.1973,284.9407,306.8442,96.1702,0.125508,0.083017,11,streaming,0.8,ns2,reno
reno,4.3935,65.4755,253.4408,297.1908,85.1817,0.098663,0.064449,30,sort,0.81,ns2,reno
reno,4.8955,46.7451,224.1313,268.9807,88.7234,0.061518,0.066453,22,sort,0.23,ns2,reno
reno,3.5418,65.4768,265.1926,324.9292,93.7367,0.114465,0.105799,19,streaming,0.91,ns2,reno
reno,4.5169,53.967,212.8401,228.8491,87.3796,0.068308,0.055593,31,sort,0.22,ns2,reno
reno,4.424,63.5895,275.4225,244.2329,77.3833,0.099588,0.062001,38,sort,0.77,ns2,reno
reno,3.3374,66.8557,252.5447,241.8705,69.0722,0.07485,0.075121,17,streaming,0.89,ns2,reno
reno,4.4312,52.8127,209.2226,204.3952,79.2169,0.092567,0.056538,35,io,0.35,ns2,reno
reno,3.8375,61.447,240.4004,299.4708,70.7855,0.068301,0.055657,41,io,0.63,ns2,reno
reno,4.3734,60.5261,293.8657,257.3945,80.324,0.07121,0.093463,48,streaming,0.8,ns2,reno
reno,5.0375,48.2566,184.1527,207.1465,92.148,0.07156,0.082975,46,streaming,0.11,ns2,reno
reno,4.9829,49.6146,217.4408,228.4428,83.6458,0.094121,0.073652,5,io,0.35,ns2,reno
reno,4.8461,60.2384,263.6602,271.0389,76.533,0.103738,0.073904,26,sort,0.56,ns2,reno
reno,3.4508,55.6242,306.9755,343.5016,87.5563,0.085561,0.085065,20,sort,0.99,ns2,reno
reno,3.6315,55.3706,247.6731,239.8198,82.9504,0.090401,0.102555,30,sort,0.91,ns2,reno
reno,4.4165,61.1909,277.9859,239.3655,89.4066,0.100479,0.0783,35,streaming,0.45,ns2,reno
reno,3.5602,55.1041,251.4221,306.4587,84.7699,0.09053,0.081201,21,sort,0.92,ns2,reno
reno,4.3012,50.218,290.0195,260.4855,70.7529,0.090069,0.090468,24,sort,0.75,ns2,reno
reno,4.0532,54.0291,248.5857,220.7805,69.6881,0.098556,0.076477,44,io,0.48,ns2,reno
reno,4.7046,53.6169,217.8528,214.4925,69.6996,0.099905,0.051573,17,streaming,0.16,ns2,reno
reno,4.9552,60.2957,214.8837,283.2916,73.4746,0.066821,0.064247,16,sort,0.41,ns2,reno
reno,3.6005,46.6881,267.2385,218.6598,90.9344,0.087896,0.081949,10,streaming,0.38,ns2,reno
reno,4.833,46.6216,270.9892,226.0077,69.2113,0.068887,0.062116,5,io,0.22,ns2,reno
reno,3.3513,62.8163,296.7423,262.3748,88.8134,0.093165,0.063906,29,sort,0.9,ns2,reno
reno,3.6627,59.7615,238.5085,241.7302,89.8389,0.098513,0.067253,48,io,0.55,ns2,reno
reno,4.3291,60.426,317.639,260.4525,95.1911,0.125267,0.060057,19,io,1.0,ns2,reno
reno,3.5208,46.9294,272.8508,239.308,89.3391,0.115921,0.072998,45,streaming,0.75,ns2,reno
reno,4.6483,51.7336,201.3365,209.9347,93.0757,0.063471,0.0536,33,sort,0.33,ns2,reno
reno,3.9185,55.5447,222.4494,269.8277,68.3618,0.085823,0.054823,38,sort,0.44,ns2,reno
reno,4.7576,48.7327,275.8465,246.2121,86.5469,0.07596,0.081817,36,sort,0.34,ns2,reno
reno,4.975,55.1281,276.9782,228.2497,80.3315,0.068233,0.070537,18,streaming,0.28,ns2,reno
reno,3.7208,46.1485,286.8058,314.7657,93.0491,0.107726,0.061774,10,io,0.72,ns2,reno
reno,4.1871,49.2266,251.9254,253.5618,97.6353,0.08777,0.078293,11,streaming,0.8,ns2,reno
reno,4.3309,55.0349,296.199,275.5087,71.548,0.122086,0.099559,5,streaming,0.83,ns2,reno
reno,4.0035,54.9703,321.5026,333.0192,76.1036,0.116191,0.075316,26,sort,0.87,ns2,reno
reno,4.3883,48.1686,263.5666,255.348,82.3786,0.081148,0.083897,15,io,0.26,ns2,reno
reno,5.0201,56.3039,259.1716,200.936,95.3206,0.082626,0.069558,33,sort,0.2,ns2,reno
reno,5.0092,50.8959,265.841,271.7003,89.8223,0.10516,0.067425,36,io,0.26,ns2,reno
reno,4.5426,40.4418,243.4513,193.2282,94.0385,0.084737,0.076559,41,io,0.2,ns2,reno
reno,5.0973,49.9078,254.3298,252.4041,81.0217,0.097975,0.068249,47,sort,0.3,ns2,reno
reno,3.4711,62.64,307.3732,284.9066,68.4318,0.122951,0.078286,35,io,0.71,ns2,reno
reno,3.2201,58.4078,255.2588,334.5701,69.5887,0.084976,0.088561,30,streaming,0.87,ns2,reno
reno,3.7766,64.4115,274.0206,320.2572,81.4467,0.077979,0.080761,46,streaming,0.84,ns2,reno
reno,4.617,47.6804,184.1081,194.5836,86.1436,0.0871,0.057409,37,io,0.12,ns2,reno
reno,4.3415,63.3022,248.8765,223.3604,74.7468,0.09219,0.07856,44,sort,0.61,ns2,reno
reno,4.2831,59.2163,227.3465,293.4228,74.7118,0.086505,0.091623,23,sort,0.64,ns2,reno
reno,4.4122,45.2992,228.7703,230.2687,89.5108,0.106755,0.057606,44,io,0.59,ns2,reno
reno,5.2229,47.3516,233.0084,264.9244,89.5088,0.065528,0.065039,45,streaming,0.28,ns2,reno
reno,3.3041,66.4851,275.7029,293.7458,83.1544,0.129603,0.056987,8,sort,0.85,ns2,reno
reno,4.6012,53.979,261.7767,305.4997,73.3803,0.098959,0.086059,13,io,0.6,ns2,reno
reno,4.8257,54.416,230.1666,223.9003,97.3614,0.103986,0.077056,22,sort,0.19,ns2,reno
reno,4.9994,51.2136,217.3084,246.4683,89.0074,0.104163,0.063771,49,io,0.46,ns2,reno
reno,4.4267,62.6451,272.6545,236.0239,86.7403,0.082389,0.068386,48,io,0.59,ns2,reno
reno,4.8605,56.271,232.4324,252.4206,77.7198,0.064651,0.061275,35,sort,0.22,ns2,reno
reno,4.3856,58.0559,299.7365,270.0805,94.3118,0.090628,0.053813,11,sort,0.62,ns2,reno
reno,4.0004,39.262,205.6721,251.6472,97.4819,0.090237,0.051237,8,streaming,0.12,ns2,reno
reno,3.5402,57.0442,256.3739,269.865,86.4994,0.108108,0.081151,19,io,0.72,ns2,reno
reno,3.7512,57.2261,303.1875,298.0715,88.7958,0.072224,0.073709,31,sort,0.77,ns2,reno
reno,3.4614,61.1337,237.8012,266.8572,86.6325,0.122013,0.102081,19,sort,0.96,ns2,reno
reno,4.0343,56.5479,294.3979,314.898,73.9562,0.117254,0.067451,33,sort,0.92,ns2,reno
reno,3.8544,57.0813,255.048,206.2563,69.2983,0.073861,0.058481,15,sort,0.26,ns2,reno
reno,3.3419,54.1232,304.7395,223.2768,95.8408,0.100871,0.088786,45,io,0.63,ns2,reno
reno,3.7528,60.8547,269.5762,227.7578,89.2366,0.097342,0.097736,38,sort,0.65,ns2,reno
reno,4.127,48.0866,219.6343,218.7428,94.4888,0.090468,0.059233,23,sort,0.16,ns2,reno
reno,4.543,58.4289,265.9441,284.0323,68.3468,0.094989,0.066748,46,sort,0.3,ns2,reno
reno,3.6693,45.9761,301.5581,257.6479,91.8826,0.073639,0.065502,23,sort,0.65,ns2,reno
reno,5.3203,44.6164,248.9795,223.7186,69.3944,0.100718,0.053035,37,sort,0.12,ns2,reno
reno,4.1268,55.3145,231.4274,190.897,70.0407,0.091117,0.076991,48,streaming,0.17,ns2,reno
reno,3.7991,58.6176,286.2041,278.2524,81.0931,0.108534,0.05423,48,streaming,0.48,ns2,reno
reno,4.939,40.5297,197.7351,209.9356,75.6133,0.062792,0.080736,21,io,0.24,ns2,reno
reno,4.4622,50.9963,207.4384,271.1575,84.0701,0.098641,0.077906,42,io,0.47,ns2,reno
reno,4.4928,47.0839,208.9248,245.1095,86.2142,0.071114,0.082236,29,streaming,0.14,ns2,reno
reno,3.5532,45.6523,225.1038,277.0655,91.8995,0.109658,0.0636,45,sort,0.46,ns2,reno
reno,5.2366,56.5781,263.6453,249.2961,96.7005,0.059588,0.082624,14,sort,0.23,ns2,reno
reno,4.7476,46.3075,235.305,200.0251,74.3623,0.095904,0.0761,18,streaming,0.21,ns2,reno
reno,4.8017,45.53,222.5444,265.9739,75.6382,0.069902,0.080203,41,sort,0.47,ns2,reno
reno,3.749,59.6314,260.3019,241.5741,71.019,0.115734,0.080922,26,sort,0.87,ns2,reno
reno,4.5701,44.0551,257.9513,287.5789,77.5824,0.086898,0.076641,24,sort,0.42,ns2,reno
reno,4.056,53.4689,252.2558,267.4645,68.2281,0.082912,0.065172,46,streaming,0.72,ns2,reno
reno,3.6789,56.9819,286.9996,253.345,78.8066,0.0808,0.07545,16,io,0.49,ns2,reno
reno,4.5007,62.7555,232.4624,275.2338,75.9519,0.119123,0.057705,9,streaming,0.68,ns2,reno
reno,3.9501,65.7056,291.8601,316.4133,74.4432,0.074194,0.070402,39,sort,0.9,ns2,reno
reno,3.996,47.7632,279.8867,280.8516,76.7818,0.090347,0.074303,30,streaming,0.52,ns2,reno
reno,4.5673,58.0905,275.4465,262.4946,73.0408,0.090587,0.069541,16,streaming,0.43,ns2,reno
reno,4.3237,63.643,283.985,264.4712,78.8082,0.078789,0.075261,9,sort,0.61,ns2,reno
reno,3.7067,44.9006,276.6371,232.9424,82.1224,0.084971,0.050862,46,streaming,0.34,ns2,reno
reno,5.1048,53.4425,225.0499,270.7422,85.3792,0.092459,0.065726,29,sort,0.39,ns2,reno
reno,4.9332,43.7778,225.8861,295.0488,74.7462,0.08475,0.085538,27,sort,0.43,ns2,reno
reno,4.7557,43.8849,291.7005,255.0032,74.9582,0.093663,0.064513,14,io,0.54,ns2,reno
reno,4.7037,54.694,249.5905,232.4103,77.9542,0.065604,0.075522,35,io,0.27,ns2,reno
reno,4.747,47.8239,215.5187,208.9978,85.7892,0.067129,0.069299,41,streaming,0.29,ns2,reno
reno,4.1963,42.8777,271.2824,245.1564,84.9301,0.059966,0.076342,47,streaming,0.23,ns2,reno
reno,3.442,60.3378,276.3643,281.9493,74.6406,0.095697,0.063548,42,streaming,0.84,ns2,reno
reno,4.003,58.3354,245.8355,302.7853,95.6532,0.106967,0.059963,29,streaming,0.84,ns2,reno
reno,3.542,52.3645,286.3714,270.5267,92.7885,0.096097,0.058307,44,streaming,0.45,ns2,reno
reno,4.0586,47.3798,262.3464,232.6542,86.1218,0.114393,0.094701,48,sort,0.64,ns2,reno
reno,3.8932,63.0778,286.0779,264.517,96.1335,0.095669,0.089837,27,sort,0.68,ns2,reno
reno,4.6624,61.4379,270.4889,260.4186,75.6913,0.110537,0.095029,10,sort,0.63,ns2,reno
reno,4.2776,44.7202,260.2096,271.5895,85.36,0.067531,0.049371,46,sort,0.35,ns2,reno
reno,4.3741,42.2752,230.3694,247.9466,75.8941,0.087553,0.071217,44,io,0.28,ns2,reno
reno,4.2598,44.9862,246.5285,251.0591,73.4257,0.09073,0.069415,24,sort,0.35,ns2,reno
reno,3.9277,47.5112,296.8979,230.2345,74.9516,0.111201,0.096541,11,sort,0.62,ns2,reno
reno,4.9723,54.7601,247.1745,257.3607,69.6396,0.080251,0.074384,10,io,0.29,ns2,reno
reno,4.4207,56.7575,235.4169,255.3939,70.4761,0.073068,0.075274,30,io,0.84,ns2,reno
reno,3.7314,64.2989,222.6093,295.6521,73.3226,0.095557,0.054186,47,sort,0.65,ns2,reno
reno,3.444,49.6691,297.1159,293.2086,75.0084,0.083266,0.059961,20,sort,0.94,ns2,reno
reno,3.4018,51.2406,258.1387,288.86,80.2028,0.079543,0.055025,50,streaming,0.69,ns2,reno
reno,4.7878,51.2072,232.3884,238.1868,78.4699,0.097991,0.05509,17,streaming,0.16,ns2,reno
reno,4.3249,48.3405,245.6555,221.7271,70.2473,0.080666,0.093368,37,io,0.51,ns2,reno
reno,4.1302,61.6256,308.5191,342.2695,84.917,0.121326,0.096435,34,sort,0.96,ns2,reno
reno,4.4915,55.689,245.872,262.2141,91.6569,0.081169,0.087444,25,sort,0.71,ns2,reno
reno,4.2877,43.033,281.1403,232.1029,70.8638,0.100402,0.086754,9,io,0.47,ns2,reno
reno,4.0664,51.449,298.0428,243.2252,96.3934,0.104887,0.094199,36,streaming,0.6,ns2,reno
reno,4.2505,64.4715,244.3223,247.9323,75.5472,0.105947,0.062795,11,streaming,0.76,ns2,reno
reno,4.9193,50.9756,240.827,257.5138,84.2686,0.060763,0.066303,44,streaming,0.21,ns2,reno
reno,4.9634,50.6642,286.8662,285.4632,76.461,0.0737,0.074014,8,sort,0.38,ns2,reno
reno,4.1048,54.6283,258.9438,252.8992,88.5986,0.0754,0.096369,49,io,0.57,ns2,reno
reno,4.4189,44.3764,231.7736,270.6293,77.8111,0.100018,0.064138,40,io,0.57,ns2,reno
reno,4.3912,52.2434,229.5857,245.0809,74.3766,0.097867,0.064525,30,io,0.34,ns2,reno
reno,4.5367,59.0466,258.194,273.7826,89.6292,0.10361,0.072426,29,streaming,0.35,ns2,reno
reno,3.9519,54.6701,209.1149,240.5187,97.8414,0.103661,0.069257,25,sort,0.28,ns2,reno
reno,3.5181,65.0731,231.862,240.8638,72.966,0.083164,0.0684,45,io,0.81,ns2,reno
reno,4.3799,45.4329,234.8198,269.916,75.7869,0.059244,0.051445,48,sort,0.19,ns2,reno
reno,3.8044,63.4119,293.1211,344.5807,76.5908,0.093702,0.084276,33,streaming,0.97,ns2,reno
reno,3.9258,58.2878,330.4482,326.6999,87.2309,0.129186,0.078353,44,io,0.9,ns2,reno
reno,3.4695,51.4045,244.1781,280.7066,89.3188,0.100773,0.071068,33,streaming,0.61,ns2,reno
reno,4.2211,57.9098,271.2544,247.1097,93.6164,0.07751,0.067268,21,io,0.8,ns2,reno
reno,4.0562,53.6135,276.9404,249.7593,96.0848,0.102463,0.061008,30,sort,0.95,ns2,reno
reno,3.5472,56.1272,219.9973,303.8174,79.7363,0.078466,0.085626,33,streaming,0.57,ns2,reno
reno,4.0693,48.7089,221.1158,256.0039,95.4415,0.11717,0.075411,39,streaming,0.66,ns2,reno
reno,3.6574,69.7812,307.2467,257.6514,85.9457,0.11203,0.089863,41,sort,0.94,ns2,reno
reno,4.4495,48.9702,238.7322,260.4463,92.1367,0.088285,0.067288,21,sort,0.49,ns2,reno
reno,3.7569,54.1377,262.8918,224.1172,82.1082,0.059639,0.084815,35,streaming,0.24,ns2,reno
reno,4.8669,52.4439,269.5254,251.8033,73.7202,0.108391,0.067877,20,io,0.37,ns2,reno
reno,4.8065,54.543,210.8113,202.1466,86.7748,0.085716,0.080116,44,sort,0.25,ns2,reno
reno,3.5278,61.0483,281.6803,259.4931,73.7031,0.074727,0.06308,12,sort,0.83,ns2,reno
reno,3.9507,59.4197,265.5476,253.2094,72.6315,0.123608,0.055026,11,sort,0.67,ns2,reno
reno,4.7657,54.4751,218.7128,215.0315,82.837,0.079312,0.062173,36,streaming,0.35,ns2,reno
reno,3.9334,50.418,247.3644,322.9022,72.4503,0.090732,0.078963,39,io,1.0,ns2,reno
reno,4.7969,48.2745,244.0449,213.6365,97.2148,0.104192,0.068738,33,streaming,0.52,ns2,reno
reno,3.9816,54.1093,204.6696,258.2051,74.3143,0.081023,0.088653,25,streaming,0.32,ns2,reno
reno,3.8263,56.2737,235.3874,216.3745,87.1693,0.069303,0.083412,47,sort,0.24,ns2,reno
reno,4.0665,48.3921,196.6066,267.7567,85.5605,0.080855,0.058362,7,streaming,0.3,ns2,reno
reno,4.0409,56.5213,250.3606,227.3907,72.7974,0.071751,0.081457,45,sort,0.62,ns2,reno
reno,4.9652,50.6146,250.582,199.459,75.0384,0.10585,0.077068,27,io,0.15,ns2,reno
reno,4.1776,47.8345,265.4972,305.0804,75.5771,0.072775,0.090422,40,io,0.82,ns2,reno
reno,4.3797,51.8911,247.3336,231.797,82.0842,0.107624,0.074715,40,sort,0.37,ns2,reno
reno,4.0124,45.0416,213.7237,226.1029,68.1052,0.091601,0.062765,16,sort,0.24,ns2,reno
reno,4.2673,64.753,256.4228,310.5742,87.7602,0.104882,0.076455,38,sort,0.89,ns2,reno
reno,3.4789,51.6766,260.6096,256.2365,70.9608,0.10683,0.056667,13,sort,0.71,ns2,reno
reno,4.0635,48.6765,201.181,245.1184,93.081,0.093213,0.069172,49,streaming,0.26,ns2,reno
reno,3.8698,56.8771,222.6023,309.0408,74.323,0.094839,0.094099,10,streaming,0.63,ns2,reno
reno,3.5348,54.1552,295.1293,251.2578,79.1153,0.103846,0.088181,22,sort,0.52,ns2,reno
reno,3.487,50.1845,301.004,307.4632,70.9866,0.106647,0.076591,17,sort,0.58,ns2,reno
reno,4.1267,51.3073,208.6378,261.2917,80.4937,0.065203,0.074021,27,sort,0.27,ns2,reno
reno,4.21,63.7779,237.0468,242.2777,80.0864,0.088024,0.062023,43,sort,0.71,ns2,reno
reno,4.836,53.6815,298.7152,289.5264,80.4088,0.099087,0.087766,25,io,0.5,ns2,reno
reno,4.1085,52.6253,269.5837,292.8393,78.8445,0.093142,0.097867,5,sort,0.65,ns2,reno
reno,4.0648,57.045,320.7817,257.1174,77.0608,0.082174,0.095748,6,io,0.75,ns2,reno
reno,4.3369,65.9666,276.5548,287.0813,85.1694,0.075456,0.07789,14,sort,0.79,ns2,reno
reno,5.2582,43.9518,211.7392,218.9572,85.1358,0.087527,0.055837,9,io,0.22,ns2,reno
reno,3.4666,63.3322,290.9886,284.4667,95.2139,0.104269,0.069456,41,io,0.75,ns2,reno
reno,4.9547,48.6944,282.8524,246.9345,95.8891,0.069587,0.083774,46,streaming,0.44,ns2,reno
reno,3.996,61.2062,235.6927,287.8726,77.6282,0.10562,0.072879,49,streaming,0.86,ns2,reno
reno,4.7745,58.442,278.5792,264.1353,85.2783,0.065034,0.06618,30,streaming,0.3,ns2,reno
reno,3.9056,49.7059,195.085,228.1005,70.6267,0.084412,0.078539,13,io,0.23,ns2,reno
reno,3.9689,57.0679,290.5337,249.3303,86.4961,0.113837,0.06764,9,io,0.79,ns2,reno
reno,4.1549,57.8647,205.5886,260.3494,80.7435,0.079398,0.062362,43,io,0.34,ns2,reno
reno,3.5204,52.721,298.8427,301.9076,86.7109,0.093517,0.097333,19,io,0.69,ns2,reno
tahoe,3.9061,51.004,174.2693,261.3012,70.4231,0.079045,0.046493,23,io,0.28,ns2,tahoe
tahoe,5.2323,41.4284,191.6161,213.6541,84.3066,0.057626,0.057289,21,sort,0.11,ns2,tahoe
tahoe,4.3901,45.1293,241.3141,218.6458,79.9203,0.088983,0.047069,15,sort,0.59,ns2,tahoe
tahoe,5.1369,47.0775,164.6802,243.3514,63.866,0.065899,0.048742,47,streaming,0.15,ns2,tahoe
tahoe,3.5277,55.7605,225.5288,227.0433,74.2687,0.09903,0.046806,25,streaming,0.42,ns2,tahoe
tahoe,4.1614,45.2987,221.9634,256.7004,89.5122,0.056924,0.054197,38,sort,0.54,ns2,tahoe
tahoe,4.1667,42.5024,199.1045,234.3125,81.1,0.063823,0.078066,37,io,0.37,ns2,tahoe
tahoe,4.5577,54.7562,238.8442,273.8418,64.4564,0.077835,0.052331,14,streaming,0.35,ns2,tahoe
tahoe,4.5213,41.8099,204.3118,292.1518,80.7429,0.082554,0.051373,20,io,0.41,ns2,tahoe
tahoe,4.7001,59.9849,213.2125,270.8807,69.4093,0.064016,0.067016,17,io,0.62,ns2,tahoe
tahoe,3.9916,64.2767,280.2949,279.6894,89.0276,0.102139,0.076909,41,io,0.88,ns2,tahoe
tahoe,3.1144,57.6428,267.1246,257.7117,87.0866,0.070134,0.051146,25,io,0.93,ns2,tahoe
tahoe,4.3468,52.3712,266.5929,321.0029,81.4245,0.100737,0.055783,17,io,0.89,ns2,tahoe
tahoe,3.7953,53.9494,207.9458,243.2826,80.7405,0.075952,0.048167,6,streaming,0.2,ns2,tahoe
tahoe,4.6962,42.7595,240.6859,248.5441,81.7799,0.062406,0.057447,35,sort,0.42,ns2,tahoe
tahoe,4.0979,44.6983,234.7604,272.05,90.1784,0.060243,0.063763,17,streaming,0.22,ns2,tahoe
tahoe,3.3948,63.6495,232.504,290.9517,82.8497,0.104352,0.084336,32,streaming,0.78,ns2,tahoe
tahoe,4.3783,55.6729,233.8229,244.7649,89.8695,0.08132,0.063717,46,streaming,0.46,ns2,tahoe
tahoe,3.7556,55.3794,273.7705,240.2951,91.4534,0.089122,0.066091,7,streaming,0.89,ns2,tahoe
tahoe,4.4286,60.6264,200.6404,259.5059,88.3402,0.094614,0.056664,15,sort,0.6,ns2,tahoe
tahoe,4.8211,53.5847,249.6396,252.65,81.683,0.059156,0.062768,16,sort,0.48,ns2,tahoe
tahoe,3.884,52.8817,223.8248,232.7177,76.3075,0.106469,0.085141,34,sort,0.8,ns2,tahoe
tahoe,4.9241,52.2998,219.3871,251.1307,67.0846,0.054815,0.055329,28,io,0.18,ns2,tahoe
tahoe,4.414,50.3934,199.0617,270.5244,74.2122,0.066218,0.066246,26,sort,0.18,ns2,tahoe
tahoe,4.5573,45.7829,197.5354,291.8306,65.0666,0.072119,0.074209,33,sort,0.61,ns2,tahoe
tahoe,3.7481,41.9272,187.5983,257.6212,70.7043,0.073712,0.073366,39,streaming,0.36,ns2,tahoe
tahoe,4.3109,50.2203,248.6981,280.5748,75.0914,0.064831,0.073537,20,sort,0.83,ns2,tahoe
tahoe,3.8886,57.529,273.6155,240.9685,67.775,0.096239,0.050908,7,io,0.89,ns2,tahoe
tahoe,3.6433,61.5796,194.701,264.8435,68.6129,0.092272,0.071369,49,sort,0.7,ns2,tahoe
tahoe,4.2981,47.6754,230.6414,283.1499,89.6555,0.063755,0.059351,28,sort,0.73,ns2,tahoe
tahoe,4.0529,63.6672,207.6819,286.1923,67.0421,0.107714,0.063621,31,streaming,0.91,ns2,tahoe
tahoe,3.6512,43.3233,229.637,308.3386,78.4101,0.060629,0.073112,43,sort,0.57,ns2,tahoe
tahoe,3.3966,59.3563,231.8262,294.2139,91.4307,0.081485,0.055579,41,sort,0.94,ns2,tahoe
tahoe,4.2972,51.0764,196.9218,271.7114,83.4287,0.103114,0.044909,6,sort,0.55,ns2,tahoe
tahoe,4.493,45.4123,229.7528,251.1346,64.9041,0.072215,0.075161,18,streaming,0.52,ns2,tahoe
tahoe,5.0383,40.6152,163.5004,211.0675,78.9981,0.080833,0.042822,26,streaming,0.11,ns2,tahoe
tahoe,4.3857,57.2276,238.8634,222.9936,86.9274,0.096223,0.060647,35,sort,0.41,ns2,tahoe
tahoe,3.3011,48.4409,236.9236,319.391,88.6623,0.084529,0.082222,8,sort,0.82,ns2,tahoe
tahoe,3.8564,59.3326,247.1175,235.2856,79.7637,0.078384,0.087167,27,io,0.85,ns2,tahoe
tahoe,4.2705,37.6636,231.1966,241.8152,87.1671,0.073872,0.052927,43,streaming,0.16,ns2,tahoe
tahoe,4.8978,42.9915,166.4457,227.8538,77.5192,0.060698,0.055967,24,io,0.21,ns2,tahoe
tahoe,3.924,45.138,171.2476,215.4453,66.2202,0.074197,0.069756,37,io,0.29,ns2,tahoe
tahoe,5.205,50.4149,203.8959,261.0174,67.6364,0.088976,0.069447,38,io,0.24,ns2,tahoe
tahoe,3.5015,44.6878,223.6617,309.7335,66.8693,0.074361,0.048741,43,streaming,0.71,ns2,tahoe
tahoe,3.6933,47.0258,246.0875,303.3342,72.3628,0.091987,0.062392,18,io,0.88,ns2,tahoe
tahoe,3.9752,49.3596,232.8672,264.3956,71.2502,0.060619,0.046919,44,streaming,0.39,ns2,tahoe
tahoe,3.6157,49.171,211.0996,231.0471,83.3104,0.070701,0.055061,9,streaming,0.6,ns2,tahoe
tahoe,4.3826,40.7741,175.5428,284.3267,65.0428,0.070749,0.045739,30,io,0.38,ns2,tahoe
tahoe,5.1191,49.0073,217.4198,234.3478,73.5681,0.065855,0.047968,47,sort,0.26,ns2,tahoe
tahoe,4.435,60.5585,238.0126,245.5304,86.3414,0.108549,0.06805,34,streaming,0.83,ns2,tahoe
tahoe,4.6464,48.0353,190.9681,223.5926,87.6893,0.081398,0.075923,30,sort,0.38,ns2,tahoe
tahoe,4.1994,53.0777,191.2707,238.7025,65.4593,0.056396,0.058013,15,sort,0.27,ns2,tahoe
tahoe,4.5241,41.7234,179.4781,274.0803,85.8919,0.067479,0.065687,24,io,0.35,ns2,tahoe
tahoe,4.1989,46.806,203.8239,231.3593,77.1091,0.059759,0.053321,49,io,0.58,ns2,tahoe
tahoe,4.1047,49.4474,243.7546,236.1033,82.3397,0.093753,0.073922,36,io,0.63,ns2,tahoe
tahoe,4.5147,46.8271,222.6777,207.0498,90.3373,0.053259,0.043956,43,sort,0.2,ns2,tahoe
tahoe,3.5927,57.7104,200.7287,251.4985,67.5141,0.089923,0.07911,5,io,0.79,ns2,tahoe
tahoe,3.3562,55.3116,228.2851,287.019,69.0995,0.094845,0.060894,41,sort,0.78,ns2,tahoe
tahoe,3.5416,63.9523,234.0411,330.4098,73.2508,0.064988,0.04863,37,sort,0.81,ns2,tahoe
tahoe,4.7494,41.9989,247.9299,297.3238,63.6568,0.080763,0.080276,12,streaming,0.46,ns2,tahoe
tahoe,3.3816,60.302,234.9799,268.1275,74.327,0.081651,0.072221,47,streaming,0.88,ns2,tahoe
tahoe,3.9834,44.8794,234.5881,268.2597,67.9429,0.095075,0.064554,13,streaming,0.26,ns2,tahoe
tahoe,3.8936,48.1044,192.6973,222.2389,91.2965,0.052308,0.060493,31,sort,0.11,ns2,tahoe
tahoe,3.8889,54.5592,215.5373,287.1101,79.0556,0.085033,0.06404,16,sort,0.87,ns2,tahoe
tahoe,4.3067,56.4168,197.3078,256.166,75.1106,0.080601,0.057735,7,streaming,0.48,ns2,tahoe
tahoe,3.8403,53.629,264.169,225.8303,84.0321,0.082797,0.079263,22,sort,0.61,ns2,tahoe
tahoe,4.174,52.7719,200.3634,271.2849,82.1757,0.08741,0.070513,39,streaming,0.52,ns2,tahoe
tahoe,3.9539,63.3365,243.3619,232.5629,76.3174,0.107545,0.072251,26,io,0.82,ns2,tahoe
tahoe,3.8712,41.7649,251.1453,278.9943,83.9423,0.081426,0.046232,35,io,0.48,ns2,tahoe
tahoe,3.3705,61.5023,252.4364,278.7653,71.6458,0.061266,0.065613,22,sort,0.62,ns2,tahoe
tahoe,4.0418,54.0533,171.7033,210.2371,68.5113,0.079001,0.047364,33,sort,0.33,ns2,tahoe
tahoe,3.8878,52.9686,213.5096,279.3179,87.7149,0.069961,0.046387,14,streaming,0.43,ns2,tahoe
tahoe,4.4819,57.3612,221.3292,257.0816,82.09,0.093364,0.052642,41,streaming,0.64,ns2,tahoe
tahoe,3.243,49.7799,263.5753,232.9154,76.5962,0.083843,0.067076,39,io,0.76,ns2,tahoe
tahoe,4.7425,47.1464,180.3656,275.2463,63.9646,0.093477,0.057696,48,sort,0.31,ns2,tahoe
tahoe,4.6039,40.6041,243.1734,260.5632,90.3457,0.072948,0.076112,22,sort,0.38,ns2,tahoe
tahoe,4.76,44.6332,219.1472,246.3277,82.4985,0.064678,0.067543,17,io,0.4,ns2,tahoe
tahoe,4.3577,45.581,227.7224,279.319,86.8677,0.056969,0.048891,11,sort,0.57,ns2,tahoe
tahoe,3.5116,49.5918,207.9248,227.4739,66.2017,0.106239,0.07361,18,io,0.72,ns2,tahoe
tahoe,3.1609,66.8842,212.3838,304.14,74.1362,0.104005,0.078207,16,sort,0.96,ns2,tahoe
tahoe,3.2865,52.4734,260.4779,245.0529,76.3009,0.114936,0.082342,49,sort,0.91,ns2,tahoe
tahoe,3.384,62.3907,226.5079,243.6653,74.4891,0.114974,0.060603,21,io,0.91,ns2,tahoe
tahoe,4.4737,54.0494,211.5722,211.3405,77.3796,0.057575,0.068021,18,streaming,0.26,ns2,tahoe
tahoe,4.5766,56.8171,196.4215,227.7616,79.5946,0.070114,0.06382,36,streaming,0.65,ns2,tahoe
tahoe,3.7168,38.6555,193.5733,207.0043,72.8475,0.067783,0.040735,50,sort,0.23,ns2,tahoe
tahoe,3.6399,55.2885,269.2903,325.1841,65.5916,0.074823,0.066675,49,io,0.95,ns2,tahoe
tahoe,3.2633,56.3111,284.4123,266.8038,72.0932,0.063744,0.090303,46,io,0.84,ns2,tahoe
tahoe,5.1921,42.9875,222.5767,254.6576,71.7336,0.058622,0.058927,29,sort,0.18,ns2,tahoe
tahoe,4.2173,60.9459,242.6777,258.4395,66.004,0.090044,0.07614,13,io,0.69,ns2,tahoe
tahoe,5.0544,46.3579,194.1843,192.9425,78.7344,0.062052,0.057258,33,streaming,0.13,ns2,tahoe
tahoe,3.0412,48.3711,276.1191,245.5002,66.9349,0.106616,0.079252,34,streaming,0.97,ns2,tahoe
tahoe,3.2051,58.9054,286.9454,243.5845,67.5888,0.097819,0.070406,44,sort,0.95,ns2,tahoe
tahoe,4.9182,37.1396,204.9391,263.204,86.5618,0.053375,0.060062,42,sort,0.14,ns2,tahoe
tahoe,3.9929,46.8603,205.1102,194.9056,69.2943,0.063939,0.068107,48,streaming,0.16,ns2,tahoe
tahoe,4.9366,51.2156,188.3627,285.2801,85.7897,0.090314,0.065847,26,streaming,0.46,ns2,tahoe
tahoe,4.0381,43.927,210.8286,235.7285,75.8879,0.08895,0.041062,11,io,0.16,ns2,tahoe
tahoe,3.9639,60.663,197.8805,280.1836,63.8106,0.069651,0.051984,46,sort,0.81,ns2,tahoe
tahoe,3.8868,58.2274,250.1874,286.1273,69.3926,0.088857,0.066492,31,io,0.63,ns2,tahoe
tahoe,4.5769,39.7876,183.542,243.6343,90.1812,0.080337,0.069837,27,streaming,0.32,ns2,tahoe
tahoe,3.7905,43.2488,220.334,218.7439,73.7435,0.090716,0.064238,19,sort,0.48,ns2,tahoe
tahoe,4.3766,46.675,196.2725,286.7639,82.7765,0.101691,0.062525,16,sort,0.52,ns2,tahoe
tahoe,3.7912,44.2475,181.0391,216.2094,80.865,0.089774,0.056562,11,streaming,0.24,ns2,tahoe
tahoe,3.4025,60.1508,235.7669,239.9323,88.6386,0.096623,0.07203,25,sort,0.77,ns2,tahoe
tahoe,4.4558,47.0076,239.8547,239.9826,66.3728,0.089616,0.076667,29,sort,0.48,ns2,tahoe
tahoe,3.679,56.1954,280.1182,251.5872,89.5552,0.085984,0.065917,13,streaming,0.9,ns2,tahoe
tahoe,4.3489,59.2734,196.3596,223.6565,82.9712,0.058229,0.049503,34,streaming,0.51,ns2,tahoe
tahoe,4.5406,45.505,203.7192,226.407,85.8306,0.100637,0.078717,41,streaming,0.51,ns2,tahoe
tahoe,3.1061,64.9709,249.2269,346.3042,80.1599,0.10823,0.062479,32,streaming,0.97,ns2,tahoe
tahoe,3.512,53.1059,212.7611,320.368,90.0682,0.106172,0.084304,31,streaming,0.76,ns2,tahoe
tahoe,4.2836,62.5754,251.2371,286.7582,74.6491,0.107037,0.080731,11,streaming,0.98,ns2,tahoe
tahoe,3.5285,55.22,235.2318,249.6404,69.7236,0.072415,0.053399,10,streaming,0.51,ns2,tahoe
tahoe,4.3844,47.8151,218.5731,247.6639,64.3152,0.067783,0.064827,50,sort,0.11,ns2,tahoe
tahoe,4.407,53.5116,177.7582,266.1233,74.3854,0.086877,0.063521,23,io,0.46,ns2,tahoe
tahoe,4.4878,52.1863,223.8674,229.0166,82.7604,0.084097,0.056557,8,io,0.48,ns2,tahoe
tahoe,3.8901,43.0736,213.8211,258.9177,64.7751,0.073885,0.06997,50,sort,0.56,ns2,tahoe
tahoe,5.0937,39.4127,185.2118,234.5817,81.7651,0.080945,0.065263,49,sort,0.16,ns2,tahoe
tahoe,4.8613,44.2231,234.8995,241.636,75.4484,0.054168,0.054631,33,sort,0.29,ns2,tahoe
tahoe,4.6028,50.5148,224.4601,291.1734,88.7608,0.077548,0.058825,48,sort,0.54,ns2,tahoe
tahoe,3.2571,65.186,211.9066,280.8174,68.6286,0.114177,0.053458,15,streaming,0.95,ns2,tahoe
tahoe,3.8076,42.1242,187.1167,285.9944,64.2671,0.071578,0.066878,13,sort,0.35,ns2,tahoe
tahoe,4.0435,53.5637,204.6476,218.9825,87.9881,0.066826,0.080788,46,io,0.53,ns2,tahoe
tahoe,4.0498,51.5174,199.4014,258.2217,83.1012,0.092236,0.059217,24,sort,0.4,ns2,tahoe
tahoe,3.5546,47.6196,225.2313,311.1364,85.1373,0.059368,0.059458,34,io,0.61,ns2,tahoe
tahoe,4.2177,61.7994,230.2483,343.024,87.0812,0.100181,0.079002,14,sort,0.96,ns2,tahoe
tahoe,3.758,43.5923,175.559,217.687,68.7874,0.075721,0.042086,25,streaming,0.25,ns2,tahoe
tahoe,3.4733,58.5521,220.3861,273.5909,89.3469,0.085095,0.072186,14,streaming,0.98,ns2,tahoe
tahoe,3.2145,66.9626,253.0173,293.1012,81.715,0.078568,0.088664,41,io,0.95,ns2,tahoe
tahoe,4.2515,61.6163,218.9384,234.9028,77.0143,0.060557,0.074055,12,sort,0.7,ns2,tahoe
tahoe,4.5023,43.7446,200.5337,232.7606,80.6228,0.062149,0.061814,22,io,0.38,ns2,tahoe
tahoe,4.5199,46.2022,217.4566,204.8207,77.9308,0.060184,0.052509,43,streaming,0.28,ns2,tahoe
tahoe,4.6918,48.7968,194.9354,295.5827,73.9594,0.074193,0.055955,27,streaming,0.56,ns2,tahoe
tahoe,4.9015,41.4198,228.7253,243.2945,91.3629,0.089921,0.053132,32,io,0.38,ns2,tahoe
tahoe,3.3615,56.1006,201.1598,248.4338,76.8923,0.103812,0.087913,9,io,0.76,ns2,tahoe
tahoe,4.0176,48.6556,240.1343,335.0444,75.2133,0.092308,0.080467,13,sort,0.94,ns2,tahoe
tahoe,4.1203,46.9678,228.6077,223.4063,79.9819,0.073434,0.06744,19,io,0.28,ns2,tahoe
tahoe,4.1144,41.4895,204.1127,239.4094,67.1023,0.076866,0.048801,16,streaming,0.12,ns2,tahoe
tahoe,4.3291,42.3947,243.0592,259.9905,90.7491,0.084587,0.058581,35,sort,0.54,ns2,tahoe
tahoe,4.2167,51.6733,242.3561,229.6155,77.9514,0.085186,0.078713,15,io,0.61,ns2,tahoe
tahoe,3.7584,59.3937,197.3641,234.4825,71.2507,0.077795,0.081563,27,streaming,0.62,ns2,tahoe
tahoe,4.7179,52.0779,196.5742,251.7725,68.7525,0.053257,0.064839,39,io,0.14,ns2,tahoe
tahoe,4.8127,52.0416,196.8585,265.6795,82.8632,0.057796,0.06397,14,io,0.39,ns2,tahoe
tahoe,4.3447,49.0261,187.4898,261.8784,68.1877,0.057877,0.055849,17,sort,0.11,ns2,tahoe
tahoe,3.9544,61.8997,242.5503,285.5385,79.0294,0.099775,0.053157,34,sort,0.82,ns2,tahoe
tahoe,4.1225,65.4756,245.0887,270.3316,73.7621,0.105744,0.087695,43,streaming,0.92,ns2,tahoe
tahoe,3.5971,47.895,243.588,226.8548,67.229,0.089948,0.071719,24,io,0.57,ns2,tahoe
tahoe,5.3507,44.8208,219.1595,202.2764,64.1586,0.071357,0.055253,17,streaming,0.21,ns2,tahoe
tahoe,4.598,38.6312,172.1696,213.533,65.4839,0.07902,0.066213,12,sort,0.2,ns2,tahoe
tahoe,3.8045,50.8149,262.7718,241.4993,67.6996,0.102239,0.061745,42,streaming,0.93,ns2,tahoe
tahoe,4.8267,54.0584,222.0356,251.041,65.5423,0.091493,0.071118,38,streaming,0.41,ns2,tahoe
tahoe,5.1702,41.8258,224.9724,198.8984,83.897,0.093046,0.074303,50,streaming,0.3,ns2,tahoe
tahoe,4.2596,49.806,257.7137,230.0123,73.5457,0.073862,0.052771,19,sort,0.53,ns2,tahoe
tahoe,3.6325,42.9888,188.8238,279.3329,83.3209,0.080872,0.045312,25,io,0.47,ns2,tahoe
tahoe,3.7941,52.9087,206.893,305.3231,76.0358,0.082432,0.055853,32,io,0.54,ns2,tahoe
tahoe,5.1082,52.0908,236.4195,228.3383,63.9904,0.081134,0.064834,30,streaming,0.27,ns2,tahoe
tahoe,4.4419,43.4103,210.3434,274.8087,90.9431,0.090061,0.07775,15,sort,0.49,ns2,tahoe
tahoe,4.3676,46.86,231.6959,199.8723,87.0471,0.080428,0.049151,50,streaming,0.16,ns2,tahoe
tahoe,3.5176,60.5636,250.6993,269.9042,76.9261,0.091075,0.064679,36,sort,0.79,ns2,tahoe
tahoe,4.485,44.1179,203.192,261.9306,81.1877,0.062713,0.048821,8,streaming,0.56,ns2,tahoe
tahoe,4.0099,65.2313,232.0665,302.9552,67.9001,0.093567,0.052856,9,io,0.85,ns2,tahoe
tahoe,4.3189,58.9543,206.908,288.1182,77.3291,0.071473,0.060459,39,sort,0.69,ns2,tahoe
tahoe,4.7708,58.9114,194.3229,259.7558,87.4596,0.078239,0.046778,16,streaming,0.59,ns2,tahoe
tahoe,4.6026,45.6877,220.2221,247.3684,74.5028,0.094143,0.067701,36,io,0.6,ns2,tahoe
tahoe,3.9953,52.7543,236.9736,238.5497,65.1903,0.071559,0.070364,29,sort,0.69,ns2,tahoe
tahoe,4.3544,48.7761,193.5221,278.7048,67.2146,0.076061,0.078438,42,io,0.66,ns2,tahoe
tahoe,4.4312,38.2253,183.4511,216.4739,73.4465,0.07667,0.047457,46,sort,0.12,ns2,tahoe
tahoe,4.9577,41.0328,196.54,233.7642,64.1839,0.068126,0.059422,32,streaming,0.38,ns2,tahoe
tahoe,3.6923,55.7999,233.6914,312.577,74.1859,0.076141,0.068042,36,io,0.61,ns2,tahoe
tahoe,4.1049,45.7113,221.1871,247.6763,68.2882,0.062956,0.073376,17,sort,0.19,ns2,tahoe
tahoe,4.6052,51.8753,205.5311,218.8337,91.4644,0.075378,0.053531,10,streaming,0.55,ns2,tahoe
tahoe,3.3084,51.056,199.0039,306.8884,76.9106,0.070048,0.079893,46,sort,0.75,ns2,tahoe
tahoe,4.1923,54.2615,245.1217,253.1774,74.8721,0.093469,0.067608,40,sort,0.84,ns2,tahoe
tahoe,4.6936,47.0983,180.5286,238.9397,82.0938,0.087451,0.073974,22,streaming,0.26,ns2,tahoe
tahoe,4.0875,64.3721,284.5802,337.1672,83.9323,0.065731,0.05862,34,sort,0.94,ns2,tahoe
tahoe,4.933,50.8033,226.4832,229.0437,87.6638,0.090398,0.06267,31,streaming,0.23,ns2,tahoe
tahoe,4.6039,43.824,216.3623,236.8805,66.8056,0.06123,0.050919,24,io,0.34,ns2,tahoe
tahoe,4.8712,49.3355,252.8106,231.3005,71.2518,0.056951,0.074537,22,sort,0.52,ns2,tahoe
tahoe,4.1441,44.5446,250.3423,299.8924,65.1789,0.10324,0.05927,24,streaming,0.69,ns2,tahoe
tahoe,4.2718,59.6838,278.1981,276.2634,87.0946,0.105973,0.059181,41,io,0.88,ns2,tahoe
tahoe,3.8932,60.8354,274.6503,320.7754,70.6679,0.104682,0.057351,12,streaming,0.76,ns2,tahoe
tahoe,3.5854,56.6686,229.546,305.8332,70.2245,0.082023,0.054118,16,io,0.8,ns2,tahoe
tahoe,4.3471,43.0971,212.084,240.4886,74.1012,0.093835,0.052633,32,io,0.29,ns2,tahoe
tahoe,4.8152,57.8662,256.0589,247.053,83.6266,0.094963,0.045388,43,streaming,0.53,ns2,tahoe
tahoe,4.9575,51.976,208.3217,252.7689,70.3289,0.072363,0.049693,49,sort,0.13,ns2,tahoe
tahoe,3.6746,55.9238,242.3152,242.0197,89.0496,0.072285,0.079519,21,sort,0.43,ns2,tahoe
tahoe,4.017,54.764,184.9522,242.0585,72.4942,0.09003,0.065916,7,streaming,0.37,ns2,tahoe
tahoe,4.8675,55.8286,207.233,238.2552,87.1324,0.08518,0.073908,11,streaming,0.35,ns2,tahoe
tahoe,3.4534,46.9241,234.7629,307.2443,78.9348,0.077912,0.077707,8,sort,0.84,ns2,tahoe
tahoe,4.1358,58.7542,200.8427,261.7519,81.1856,0.073868,0.049854,15,streaming,0.68,ns2,tahoe
tahoe,5.1459,53.4144,227.0913,274.0768,82.7908,0.087747,0.053242,35,sort,0.32,ns2,tahoe
tahoe,3.4067,60.165,273.7492,318.7068,69.1832,0.083612,0.057049,29,streaming,0.89,ns2,tahoe
tahoe,3.3048,66.5082,286.7927,307.8024,81.139,0.111414,0.092024,17,sort,0.95,ns2,tahoe
tahoe,3.665,50.0764,216.2992,214.2295,90.3973,0.060247,0.062516,5,streaming,0.34,ns2,tahoe
tahoe,4.2547,62.6052,263.4975,276.2852,69.9045,0.069712,0.086016,22,io,0.75,ns2,tahoe
tahoe,4.162,47.1432,187.8822,221.4702,86.6554,0.08587,0.0492,16,io,0.36,ns2,tahoe
tahoe,3.489,58.5745,196.6134,250.7296,70.5704,0.082081,0.068079,10,streaming,0.47,ns2,tahoe
tahoe,5.3463,52.1633,186.4833,203.8575,74.3467,0.066464,0.058987,9,streaming,0.11,ns2,tahoe
tahoe,3.8507,52.8672,196.8057,221.347,80.5732,0.078898,0.067634,50,streaming,0.19,ns2,tahoe
tahoe,3.1661,54.634,226.8815,326.2754,82.3859,0.066472,0.084292,7,streaming,0.77,ns2,tahoe
tahoe,3.5416,52.1395,214.0215,263.7582,66.1377,0.092054,0.062762,21,io,0.62,ns2,tahoe
tahoe,5.3465,46.0548,234.3199,216.6062,73.7069,0.069016,0.071558,21,streaming,0.21,ns2,tahoe
tahoe,4.009,51.5092,201.5111,292.0924,77.3577,0.104717,0.068165,47,io,0.65,ns2,tahoe
tahoe,3.3247,46.3228,208.0507,225.4581,70.903,0.093174,0.06381,36,io,0.67,ns2,tahoe
tahoe,5.4896,45.9943,192.6234,197.6874,83.7409,0.055518,0.051224,18,io,0.14,ns2,tahoe
tahoe,4.1886,61.2675,272.6449,293.4457,82.159,0.072729,0.091328,5,streaming,0.88,ns2,tahoe
tahoe,3.6094,59.3144,203.4255,262.7817,66.2678,0.072277,0.056106,48,sort,0.57,ns2,tahoe
tahoe,4.7091,53.5511,224.4896,205.8363,65.8978,0.086331,0.063146,34,io,0.21,ns2,tahoe
tahoe,4.0963,43.5963,269.4386,285.9058,90.1979,0.074214,0.075557,41,io,0.67,ns2,tahoe
tahoe,5.0394,42.6079,222.4194,256.6237,78.9189,0.07671,0.043684,21,streaming,0.22,ns2,tahoe
tahoe,3.8235,52.7642,178.7999,263.0566,71.5933,0.084317,0.063992,12,io,0.26,ns2,tahoe
tahoe,4.7009,55.8512,241.3562,256.7308,73.6637,0.05745,0.055836,17,io,0.37,ns2,tahoe
tahoe,4.0797,52.2224,215.7656,284.7095,86.2896,0.085304,0.061353,32,io,0.54,ns2,tahoe
tahoe,4.3438,45.0148,178.5495,248.4369,67.9653,0.071127,0.061498,38,sort,0.18,ns2,tahoe
tahoe,4.5023,52.3005,196.6314,203.374,67.2032,0.08857,0.068755,38,io,0.18,ns2,tahoe
tahoe,3.5071,42.5089,182.2692,219.8451,75.5038,0.059346,0.068798,41,sort,0.48,ns2,tahoe
tahoe,3.4545,47.1039,241.2876,243.7105,82.1154,0.070041,0.056143,30,io,0.83,ns2,tahoe
tahoe,5.3013,41.7296,201.7386,226.0145,82.3579,0.075609,0.048368,16,io,0.14,ns2,tahoe
tahoe,4.8392,49.0499,232.9529,207.1252,78.5618,0.052011,0.045542,15,streaming,0.29,ns2,tahoe
tahoe,4.2115,60.4145,270.6458,282.2178,77.2305,0.089329,0.085691,28,io,0.69,ns2,tahoe
tahoe,4.1524,59.6869,199.0516,238.4858,68.9636,0.100055,0.075202,17,sort,0.72,ns2,tahoe
tahoe,3.7225,48.8974,220.9734,321.3791,87.608,0.089689,0.052712,34,streaming,0.87,ns2,tahoe
tahoe,3.751,40.7968,176.3027,253.9534,90.5603,0.07127,0.070531,42,io,0.23,ns2,tahoe
tahoe,4.5117,53.4697,173.9026,200.4789,81.2447,0.084184,0.076892,36,io,0.32,ns2,tahoe
tahoe,4.184,64.1652,196.9848,267.614,77.9746,0.096519,0.085816,36,sort,0.76,ns2,tahoe
tahoe,4.4607,46.2456,193.0727,204.7076,88.5771,0.070705,0.058571,36,streaming,0.31,ns2,tahoe
tahoe,3.7541,56.6397,190.1618,249.3157,69.0026,0.074942,0.055518,19,sort,0.66,ns2,tahoe
tahoe,3.7756,54.3525,255.9209,282.7171,67.2973,0.071817,0.073901,31,sort,0.63,ns2,tahoe
tahoe,3.9752,52.9508,239.8903,332.8449,68.1596,0.07187,0.07773,10,sort,0.85,ns2,tahoe
tahoe,3.4663,46.8676,231.7829,301.8491,89.9789,0.083321,0.056259,40,streaming,0.7,ns2,tahoe
tahoe,4.4308,41.1327,208.0562,202.8336,87.6436,0.070527,0.066669,26,streaming,0.14,ns2,tahoe
tahoe,3.7656,51.4289,217.5491,302.4138,85.5602,0.091379,0.073131,40,sort,0.49,ns2,tahoe
tahoe,4.9304,54.498,216.5921,210.2478,65.0418,0.095227,0.070872,12,streaming,0.34,ns2,tahoe
tahoe,3.7835,65.1711,214.9017,301.266,77.8056,0.072232,0.055663,18,sort,0.98,ns2,tahoe
tahoe,4.002,61.0731,270.1946,289.8356,87.9518,0.070415,0.065264,13,streaming,0.92,ns2,tahoe
tahoe,4.4608,44.6707,219.5927,213.5854,86.2379,0.065179,0.057804,10,streaming,0.21,ns2,tahoe
tahoe,4.7752,45.6259,221.1542,214.4378,84.6836,0.071587,0.050291,32,sort,0.34,ns2,tahoe
tahoe,4.804,58.1373,218.5703,271.9752,89.998,0.075498,0.072693,50,io,0.47,ns2,tahoe
tahoe,3.2225,51.756,282.8003,248.845,65.3504,0.100198,0.076037,46,streaming,0.83,ns2,tahoe
tahoe,3.7973,48.7262,217.7059,251.1717,78.154,0.063831,0.054776,48,sort,0.24,ns2,tahoe
tahoe,4.2059,50.3216,221.2591,307.7345,88.7819,0.089933,0.05318,30,io,0.73,ns2,tahoe
tahoe,4.745,52.7167,228.6098,252.1876,73.2783,0.093664,0.068755,17,streaming,0.5,ns2,tahoe
tahoe,3.1064,53.0031,264.7843,312.547,67.1534,0.114146,0.061366,10,streaming,0.89,ns2,tahoe
tahoe,4.1218,56.1192,195.9062,217.6267,85.8874,0.08478,0.054285,24,io,0.56,ns2,tahoe
tahoe,3.3303,45.6491,224.9468,289.5258,73.536,0.061803,0.074002,12,sort,0.75,ns2,tahoe
tahoe,4.5191,49.6067,257.4045,285.8671,91.2624,0.082007,0.078056,45,sort,0.5,ns2,tahoe
tahoe,3.5519,49.6189,246.4044,303.9717,79.6343,0.065569,0.061998,20,sort,0.7,ns2,tahoe
tahoe,4.7271,51.0842,188.9538,199.7921,83.514,0.085667,0.042891,8,sort,0.19,ns2,tahoe
tahoe,4.1533,49.1829,207.7082,258.4265,80.0666,0.07932,0.058782,21,streaming,0.48,ns2,tahoe
tahoe,3.8972,51.2947,263.1852,266.589,90.8231,0.097907,0.051588,13,sort,0.63,ns2,tahoe
tahoe,3.5656,54.823,250.9324,224.8045,69.5737,0.078572,0.073327,40,io,0.54,ns2,tahoe
tahoe,4.4089,47.7731,185.3745,258.6576,64.7586,0.061177,0.05703,28,streaming,0.43,ns2,tahoe
tahoe,3.5967,42.2557,232.2572,240.5358,89.8047,0.066961,0.052779,16,io,0.37,ns2,tahoe
tahoe,3.1013,56.556,204.0278,237.2998,77.0756,0.077022,0.067572,26,io,0.84,ns2,tahoe
tahoe,4.2802,61.6057,207.4201,244.1995,81.4137,0.099506,0.075706,14,io,0.8,ns2,tahoe
tahoe,3.1852,58.7347,255.1464,275.2656,88.7829,0.079406,0.051155,47,io,0.88,ns2,tahoe
tahoe,3.4199,48.1415,216.0294,239.1115,81.2363,0.102771,0.062588,46,sort,0.9,ns2,tahoe
tahoe,3.8797,53.6166,203.2178,256.9527,90.3767,0.072978,0.066294,37,sort,0.21,ns2,tahoe
tahoe,3.9192,57.3139,287.2414,265.7993,69.3827,0.106135,0.0853,42,streaming,0.91,ns2,tahoe
tahoe,4.3242,48.6739,183.3606,291.1138,64.2831,0.07592,0.0599,38,sort,0.5,ns2,tahoe
tahoe,3.6721,57.2202,215.233,229.8076,68.7363,0.088581,0.048375,31,io,0.39,ns2,tahoe
tahoe,4.0786,50.2631,193.4177,230.2637,74.5268,0.074817,0.063589,25,streaming,0.71,ns2,tahoe
tahoe,3.6799,43.3959,215.3638,221.2307,77.8423,0.075077,0.076053,22,streaming,0.33,ns2,tahoe
tahoe,4.7415,38.0951,162.9719,241.5907,89.1598,0.050221,0.058327,42,io,0.15,ns2,tahoe
tahoe,4.2881,56.5629,201.6748,280.5041,76.0924,0.101299,0.067116,14,streaming,0.71,ns2,tahoe
tahoe,4.6708,50.2191,209.4223,290.3824,76.2533,0.054284,0.060671,44,streaming,0.44,ns2,tahoe
tahoe,3.565,55.8823,208.7231,255.4279,87.0856,0.070153,0.05508,45,streaming,0.36,ns2,tahoe
tahoe,4.0941,41.5161,207.9869,203.9633,66.1395,0.082733,0.070873,40,sort,0.29,ns2,tahoe
tahoe,3.244,58.1271,279.5933,337.1221,90.0446,0.098096,0.09348,50,io,1.0,ns2,tahoe
tahoe,4.3941,47.3595,197.0257,301.0095,72.8092,0.098798,0.049397,5,streaming,0.51,ns2,tahoe
tahoe,4.5606,56.0067,221.9841,307.4398,83.281,0.095437,0.067471,46,streaming,0.65,ns2,tahoe
tahoe,3.2742,59.7099,246.0984,289.1132,73.4947,0.099051,0.079828,27,sort,0.69,ns2,tahoe
tahoe,4.9637,42.987,205.9198,225.6502,63.8948,0.089056,0.071815,48,sort,0.45,ns2,tahoe
tahoe,3.2786,63.4531,258.7287,323.0609,69.8113,0.114742,0.091245,7,io,0.93,ns2,tahoe
tahoe,4.6851,43.1406,186.5009,274.3965,74.6985,0.092076,0.06278,36,sort,0.35,ns2,tahoe
tahoe,4.7607,47.7774,216.1517,243.8223,65.4592,0.056705,0.04315,21,streaming,0.25,ns2,tahoe
tahoe,4.183,61.8249,228.0587,328.0392,64.279,0.114494,0.079073,44,streaming,0.94,ns2,tahoe
tahoe,4.9929,39.2989,202.6365,259.6479,81.7928,0.090776,0.053541,31,sort,0.33,ns2,tahoe
tahoe,4.3889,48.1104,210.7134,205.5376,83.7816,0.054869,0.075414,39,sort,0.35,ns2,tahoe
tahoe,4.0019,47.4552,249.2853,286.079,91.2978,0.065913,0.0703,9,streaming,0.5,ns2,tahoe
tahoe,3.2427,53.0868,258.7963,248.5617,77.0418,0.105545,0.075221,45,streaming,0.93,ns2,tahoe
tahoe,3.3436,56.5748,289.224,326.4491,86.5868,0.090371,0.060167,9,io,0.94,ns2,tahoe
tahoe,3.7356,46.9934,234.408,242.8154,90.8581,0.107506,0.063741,49,sort,0.8,ns2,tahoe
tahoe,3.9058,50.2436,165.3529,240.502,75.6973,0.053927,0.041576,8,streaming,0.16,ns2,tahoe
tahoe,4.1796,50.5376,203.9845,279.9928,85.6325,0.081466,0.058964,34,io,0.37,ns2,tahoe
tahoe,3.9623,52.1087,278.1903,311.0282,76.3185,0.077562,0.056416,11,sort,0.82,ns2,tahoe
tahoe,3.9816,49.1963,172.2677,233.4123,81.4389,0.059483,0.053095,44,sort,0.11,ns2,tahoe
tahoe,3.6209,42.1759,189.8888,265.3888,77.9682,0.086084,0.057734,42,streaming,0.5,ns2,tahoe
tahoe,3.2459,52.6202,231.7038,274.8369,63.859,0.092953,0.078259,8,streaming,0.9,ns2,tahoe
tahoe,4.9859,46.2466,184.1068,216.6739,89.0136,0.087139,0.053865,47,sort,0.31,ns2,tahoe
tahoe,4.8428,52.7403,207.804,267.2055,90.5379,0.085158,0.060583,15,sort,0.53,ns2,tahoe
tahoe,4.5842,52.6841,208.8226,249.8487,76.6666,0.059247,0.05659,26,streaming,0.19,ns2,tahoe
tahoe,3.3869,49.1496,283.4885,269.071,65.693,0.062261,0.053354,23,io,0.83,ns2,tahoe
tahoe,4.2924,55.2811,183.2755,213.945,69.1598,0.063476,0.077717,16,sort,0.5,ns2,tahoe
tahoe,3.8882,43.7222,188.4791,229.1078,66.4601,0.092039,0.04805,46,sort,0.41,ns2,tahoe
tahoe,3.588,49.3973,235.8942,268.2935,74.0354,0.069235,0.070106,44,streaming,0.81,ns2,tahoe
tahoe,3.1446,49.1468,282.3365,318.2272,68.9881,0.081692,0.065187,43,sort,0.89,ns2,tahoe
tahoe,3.7924,42.0878,227.754,228.0398,78.5923,0.092333,0.056425,8,sort,0.49,ns2,tahoe
tahoe,4.4937,59.7417,269.3236,308.2857,69.4786,0.062099,0.065173,47,io,0.67,ns2,tahoe
tahoe,3.997,57.4987,241.115,270.0292,77.562,0.080685,0.05891,28,streaming,0.65,ns2,tahoe
tahoe,4.395,51.4208,205.2131,253.5836,89.3679,0.084618,0.046528,19,io,0.57,ns2,tahoe
tahoe,4.1927,54.5405,229.0532,329.7045,79.5953,0.11176,0.065531,40,io,0.91,ns2,tahoe
tahoe,4.2663,45.9228,178.9739,194.3667,77.944,0.064325,0.055389,32,streaming,0.18,ns2,tahoe
tahoe,3.925,47.8861,192.2388,230.7736,81.6622,0.071581,0.046881,37,io,0.47,ns2,tahoe
tahoe,3.4692,47.2317,201.3479,226.1873,73.697,0.08254,0.057848,48,sort,0.56,ns2,tahoe
tahoe,4.6717,53.6746,239.1535,222.0027,80.5078,0.059905,0.074269,50,io,0.4,ns2,tahoe
tahoe,3.1705,50.6073,264.5459,306.7914,74.9143,0.08047,0.071508,46,io,0.77,ns2,tahoe
tahoe,4.7372,48.7431,169.1775,219.0271,69.9727,0.080085,0.054881,38,sort,0.11,ns2,tahoe
tahoe,4.3794,56.6251,224.6661,295.7181,72.3794,0.066625,0.076213,49,sort,0.63,ns2,tahoe
tahoe,4.1137,51.2103,208.1324,263.1501,67.2187,0.099291,0.044284,47,io,0.48,ns2,tahoe
tahoe,3.3959,54.2648,264.3409,311.5242,82.9239,0.076705,0.073388,41,io,0.85,ns2,tahoe
tahoe,3.3347,64.137,225.0267,294.6625,80.479,0.09182,0.084182,29,streaming,0.81,ns2,tahoe
tahoe,3.758,45.2008,202.9479,225.7314,90.5064,0.079841,0.052045,15,io,0.28,ns2,tahoe
tahoe,4.0582,51.144,206.2877,193.8087,69.1925,0.089227,0.053332,18,sort,0.19,ns2,tahoe
tahoe,4.4545,46.8051,197.0034,200.1205,72.7621,0.0927,0.055635,12,sort,0.31,ns2,tahoe
tahoe,4.5103,39.044,233.7684,266.9766,67.2631,0.059511,0.055467,50,io,0.22,ns2,tahoe
tahoe,4.075,61.941,239.7579,273.2484,82.7652,0.072367,0.047135,14,streaming,0.7,ns2,tahoe
tahoe,4.3212,45.8591,205.7726,263.9708,77.3489,0.077136,0.045665,10,io,0.5,ns2,tahoe
tahoe,4.1068,54.3011,232.179,237.061,86.637,0.091454,0.057388,16,io,0.36,ns2,tahoe
tahoe,3.6173,54.3113,260.354,309.9016,66.3021,0.099168,0.051477,15,sort,0.91,ns2,tahoe
tahoe,4.4194,51.0782,176.7499,266.0213,88.8385,0.093831,0.057072,40,sort,0.35,ns2,tahoe
tahoe,3.8655,39.5208,219.4129,220.4166,76.2308,0.061351,0.05784,34,io,0.21,ns2,tahoe
tahoe,5.0288,48.7248,185.9699,248.3962,87.5405,0.065573,0.039508,12,sort,0.12,ns2,tahoe
tahoe,3.6426,58.9331,233.7784,233.1809,78.9544,0.071504,0.085937,13,streaming,0.74,ns2,tahoe
tahoe,4.6481,44.7409,182.3232,221.8353,71.8506,0.081026,0.059342,9,io,0.52,ns2,tahoe
tahoe,4.1792,46.8134,220.5619,245.1592,64.5955,0.09242,0.055514,49,streaming,0.7,ns2,tahoe
tahoe,5.1917,47.2931,210.8363,262.5711,74.5457,0.062286,0.041184,5,sort,0.14,ns2,tahoe
tahoe,5.1171,51.9565,186.7708,208.1123,66.1862,0.067073,0.072834,26,io,0.14,ns2,tahoe
tahoe,4.0084,50.0109,274.9027,314.1608,86.8331,0.069623,0.055664,31,sort,0.84,ns2,tahoe
tahoe,3.8293,53.7105,233.246,303.1831,74.6699,0.076846,0.053941,11,io,0.56,ns2,tahoe
tahoe,3.5215,51.9769,176.4173,225.3781,69.7819,0.084307,0.053418,44,streaming,0.42,ns2,tahoe
tahoe,4.8435,47.8171,235.3518,252.1049,91.3036,0.087095,0.072595,41,streaming,0.43,ns2,tahoe
tahoe,4.6635,54.7624,217.169,253.4932,90.7978,0.081467,0.052504,45,streaming,0.25,ns2,tahoe
tahoe,3.5797,61.789,236.824,263.3401,80.6335,0.090142,0.063771,45,sort,0.79,ns2,tahoe
tahoe,3.9733,64.1347,214.2236,290.0752,88.6861,0.075511,0.077975,20,sort,0.77,ns2,tahoe
tahoe,3.4548,52.8555,205.1529,257.841,81.5695,0.069694,0.075094,33,streaming,0.66,ns2,tahoe
tahoe,3.3448,50.962,261.5303,232.2691,85.7528,0.080938,0.081037,6,io,0.77,ns2,tahoe
tahoe,4.1475,43.1665,209.7075,278.4249,82.2112,0.06317,0.066215,19,sort,0.31,ns2,tahoe
tahoe,4.0155,46.7213,239.8538,226.9571,77.368,0.104896,0.048236,14,io,0.65,ns2,tahoe
tahoe,3.1378,59.0229,277.8232,336.8709,70.2349,0.066711,0.081099,24,streaming,0.94,ns2,tahoe
tahoe,4.0883,41.2367,184.5037,219.8264,76.1564,0.078922,0.050395,35,streaming,0.25,ns2,tahoe
tahoe,4.4522,40.0249,193.4016,232.4965,84.1646,0.082195,0.067778,35,io,0.17,ns2,tahoe
tahoe,4.5769,37.9981,222.7103,211.7803,78.6406,0.072124,0.045044,29,io,0.12,ns2,tahoe
tahoe,3.8161,51.8961,219.0744,243.5422,83.604,0.064884,0.079355,5,io,0.52,ns2,tahoe
tahoe,5.1068,42.5373,186.9713,220.5266,74.6584,0.079795,0.051858,24,sort,0.11,ns2,tahoe
tahoe,3.3409,60.5535,272.0966,234.7617,89.6737,0.066315,0.077027,21,sort,0.68,ns2,tahoe
tahoe,3.6219,58.9768,249.9398,266.6736,65.2453,0.079866,0.065486,20,sort,0.79,ns2,tahoe
tahoe,5.0696,45.3516,222.8643,202.2666,82.2299,0.058872,0.06349,48,streaming,0.32,ns2,tahoe
tahoe,4.6976,53.9124,226.2941,195.1373,85.1715,0.078793,0.072518,30,streaming,0.23,ns2,tahoe
tahoe,3.9102,48.0313,228.5474,308.871,70.6976,0.074546,0.086654,47,streaming,0.74,ns2,tahoe
tahoe,3.4609,54.7144,278.8726,312.0988,66.116,0.095591,0.082433,27,sort,0.9,ns2,tahoe
tahoe,4.1282,64.0375,232.137,263.4955,91.2073,0.103174,0.048625,9,io,0.83,ns2,tahoe
tahoe,3.8545,58.0584,259.0674,247.4449,74.0997,0.096532,0.056336,16,io,0.8,ns2,tahoe
tahoe,4.0296,57.0107,197.381,219.9113,68.738,0.092539,0.054818,31,streaming,0.55,ns2,tahoe
tahoe,3.5782,52.936,186.1098,219.1393,67.1164,0.058274,0.045309,20,sort,0.5,ns2,tahoe
tahoe,4.5139,41.922,202.6216,302.4567,82.22,0.093427,0.046182,18,sort,0.53,ns2,tahoe
tahoe,3.8958,51.8896,261.1261,240.7932,77.2083,0.092977,0.068483,26,streaming,0.57,ns2,tahoe
tahoe,5.0181,55.0327,248.7563,267.1278,74.2054,0.056724,0.056458,26,io,0.43,ns2,tahoe
tahoe,3.7301,59.4119,260.5279,322.583,67.5126,0.092015,0.084729,22,streaming,0.83,ns2,tahoe
tahoe,3.4857,59.8674,263.8132,290.4774,75.1745,0.072978,0.092786,25,streaming,0.96,ns2,tahoe
tahoe,5.3497,52.0863,210.0615,241.9856,70.158,0.069024,0.063736,10,io,0.11,ns2,tahoe
tahoe,5.0296,55.4069,244.4828,271.7335,71.8427,0.062726,0.048268,38,io,0.41,ns2,tahoe
tahoe,3.7341,48.8106,271.1085,267.1119,82.4362,0.090711,0.086362,15,sort,0.89,ns2,tahoe
tahoe,3.6841,57.4936,223.4998,254.9154,90.0112,0.099235,0.054106,50,streaming,0.91,ns2,tahoe
tahoe,5.3629,49.1574,175.3164,208.9858,76.9394,0.086874,0.043425,13,io,0.13,ns2,tahoe
tahoe,3.9875,48.5675,264.6598,329.7107,89.6639,0.103315,0.075569,46,sort,0.93,ns2,tahoe
tahoe,4.6539,53.0726,225.1819,276.3168,90.6268,0.073868,0.051592,21,sort,0.41,ns2,tahoe
tahoe,3.9357,43.2757,206.1681,208.0608,89.9496,0.074939,0.0446,25,streaming,0.2,ns2,tahoe
tahoe,3.9711,53.5098,257.6311,260.3698,74.4766,0.08568,0.083524,48,sort,0.96,ns2,tahoe
tahoe,3.7046,59.2077,223.3953,280.5611,78.6712,0.087206,0.056221,23,streaming,0.94,ns2,tahoe
tahoe,4.0125,48.6789,223.4098,309.9073,87.3549,0.104332,0.050262,25,io,0.85,ns2,tahoe
tahoe,3.734,57.3415,227.102,246.339,86.7839,0.075834,0.068302,29,sort,0.38,ns2,tahoe
tahoe,4.0708,48.6838,220.8474,266.5597,69.9209,0.080605,0.070837,16,io,0.15,ns2,tahoe
tahoe,3.602,65.834,257.5868,322.0413,91.3201,0.090182,0.063287,48,sort,0.87,ns2,tahoe
tahoe,4.5097,48.9152,223.4714,239.5727,83.0875,0.065047,0.077303,30,io,0.53,ns2,tahoe
tahoe,5.0079,47.0895,220.7299,263.0172,83.4566,0.069741,0.045699,13,io,0.19,ns2,tahoe
tahoe,3.8508,44.006,197.0295,280.5817,84.1755,0.055664,0.071679,41,io,0.5,ns2,tahoe
tahoe,4.3869,53.7179,211.7351,205.6986,65.2069,0.065363,0.056354,8,streaming,0.19,ns2,tahoe
tahoe,4.8072,47.6168,234.0572,245.8935,74.9194,0.051895,0.048669,36,sort,0.21,ns2,tahoe
tahoe,5.042,51.1572,201.2735,264.5969,85.8518,0.083037,0.070768,46,sort,0.37,ns2,tahoe
tahoe,4.4742,47.1828,185.8754,214.9153,77.3003,0.085329,0.062348,6,sort,0.44,ns2,tahoe
tahoe,3.9781,56.0818,194.5774,276.544,74.3597,0.106571,0.073561,24,sort,0.63,ns2,tahoe
tahoe,3.7774,56.134,256.053,269.644,74.9567,0.091323,0.06105,39,streaming,0.61,ns2,tahoe
tahoe,3.794,55.5256,246.983,303.166,85.705,0.066789,0.079464,47,sort,0.81,ns2,tahoe
tahoe,4.1911,60.6463,202.3982,283.7366,72.4136,0.064106,0.074079,46,streaming,0.91,ns2,tahoe
tahoe,4.1074,50.9256,172.5021,206.0495,71.9744,0.093403,0.046883,47,sort,0.25,ns2,tahoe
tahoe,3.9587,51.5288,221.0745,209.7885,78.5542,0.05443,0.055228,25,io,0.1,ns2,tahoe
tahoe,4.2342,51.7138,239.0318,278.3549,64.883,0.058167,0.050591,18,io,0.57,ns2,tahoe
tahoe,3.7276,59.3182,229.5431,317.2679,75.4228,0.092476,0.061518,46,sort,0.96,ns2,tahoe
tahoe,3.6493,65.7363,261.9005,335.0658,67.6349,0.072858,0.076396,22,io,0.91,ns2,tahoe
tahoe,3.8106,62.506,257.9496,311.9411,77.9207,0.072447,0.086595,25,sort,1.0,ns2,tahoe
tahoe,3.4721,67.5428,228.6513,270.9653,78.4806,0.100491,0.068351,26,io,0.99,ns2,tahoe
tahoe,4.5327,58.5063,201.6945,300.5915,71.278,0.063101,0.08567,19,io,0.68,ns2,tahoe
tahoe,4.6719,42.8336,217.3854,287.1063,80.083,0.091744,0.046943,27,streaming,0.44,ns2,tahoe
tahoe,3.9675,56.0261,267.876,242.6888,90.0754,0.078757,0.061209,48,io,0.73,ns2,tahoe
tahoe,3.7173,65.4901,241.4301,303.6325,70.8705,0.10011,0.081236,47,sort,0.97,ns2,tahoe
tahoe,4.6717,42.2099,230.361,246.928,73.9739,0.084033,0.063792,31,io,0.21,ns2,tahoe
tahoe,3.799,51.2477,232.4165,254.9068,90.246,0.085628,0.076536,19,streaming,0.74,ns2,tahoe
tahoe,5.031,46.858,196.5219,210.9879,65.8535,0.086286,0.076851,15,streaming,0.37,ns2,tahoe
tahoe,4.3715,53.2934,226.5894,302.7829,90.5128,0.078014,0.065735,13,streaming,0.62,ns2,tahoe
tahoe,4.4019,54.1518,223.835,224.7587,64.0215,0.064813,0.076354,5,sort,0.53,ns2,tahoe
tahoe,3.9323,51.0736,276.8915,292.1156,89.3476,0.109915,0.085731,48,sort,0.74,ns2,tahoe
tahoe,3.911,46.4364,264.6349,294.693,88.8822,0.066365,0.0607,13,sort,0.65,ns2,tahoe
tahoe,3.9766,49.1302,213.0439,225.682,89.1685,0.068262,0.065766,12,streaming,0.56,ns2,tahoe
tahoe,4.0235,43.3453,228.071,252.8497,69.7084,0.066736,0.076185,46,io,0.36,ns2,tahoe
tahoe,4.7315,58.6239,251.2212,220.4211,63.7978,0.078411,0.056483,11,streaming,0.56,ns2,tahoe
tahoe,4.1972,42.0775,165.2722,225.9968,66.0007,0.07003,0.044006,12,sort,0.1,ns2,tahoe
tahoe,3.2396,60.0191,222.5626,279.0789,71.9942,0.085024,0.057522,22,streaming,0.92,ns2,tahoe
tahoe,4.8333,44.9141,173.6748,255.2204,63.7955,0.088325,0.064651,12,io,0.2,ns2,tahoe
tahoe,3.8828,45.6411,191.7449,199.3487,82.2447,0.09322,0.074975,22,streaming,0.27,ns2,tahoe
tahoe,4.6431,51.0403,215.6494,220.3213,84.9877,0.088538,0.057694,29,io,0.21,ns2,tahoe
tahoe,5.0249,39.9984,189.5889,194.6117,82.754,0.052849,0.069262,32,streaming,0.22,ns2,tahoe
tahoe,2.9952,57.3121,231.1893,250.3674,75.6166,0.096633,0.082144,16,sort,0.98,ns2,tahoe
tahoe,4.9788,56.2263,188.5718,271.7655,69.1762,0.083887,0.070818,49,streaming,0.32,ns2,tahoe
tahoe,3.4194,64.0384,244.1445,291.0822,70.0414,0.066291,0.049198,17,sort,0.76,ns2,tahoe
tahoe,3.0397,50.9421,280.7836,278.991,78.2991,0.100043,0.092038,19,io,0.94,ns2,tahoe
tahoe,3.6149,47.659,178.3707,214.7549,73.7903,0.096878,0.069001,20,io,0.4,ns2,tahoe
tahoe,3.8128,40.0194,224.2904,233.0612,71.604,0.066234,0.06494,32,streaming,0.39,ns2,tahoe
tahoe,4.253,43.6675,174.5234,197.7996,79.0477,0.089412,0.052815,28,io,0.27,ns2,tahoe
tahoe,3.892,52.0234,249.8631,249.3507,74.3622,0.105108,0.053106,43,sort,0.77,ns2,tahoe
tahoe,5.3297,52.437,223.0793,209.1506,76.0865,0.05469,0.072907,44,sort,0.21,ns2,tahoe
tahoe,4.2398,53.7082,215.937,219.354,67.2044,0.073004,0.069215,40,sort,0.41,ns2,tahoe
tahoe,3.5724,62.2398,287.9594,248.7862,75.3387,0.113624,0.072379,6,io,0.98,ns2,tahoe
tahoe,4.8204,40.4386,169.6423,243.9111,85.8257,0.081471,0.06682,30,io,0.25,ns2,tahoe
tahoe,4.6493,59.9085,195.7689,285.0111,74.365,0.09351,0.060257,22,sort,0.55,ns2,tahoe
tahoe,3.9,42.4759,220.0164,274.2662,85.7211,0.071955,0.066517,38,streaming,0.29,ns2,tahoe
tahoe,4.0661,43.894,179.5619,220.1254,78.5392,0.065526,0.06492,22,streaming,0.33,ns2,tahoe
tahoe,4.184,47.7693,290.3488,342.0206,69.4991,0.068566,0.07762,45,io,0.93,ns2,tahoe
tahoe,3.7438,61.0268,260.0751,245.5722,67.3659,0.101865,0.057678,8,io,0.64,ns2,tahoe
tahoe,4.4366,47.5357,268.2937,238.5031,90.7765,0.084544,0.085154,42,streaming,0.66,ns2,tahoe
tahoe,4.8857,53.2832,182.1134,245.0228,80.5164,0.059142,0.055448,25,sort,0.2,ns2,tahoe
tahoe,4.5783,54.2304,200.8985,240.428,84.0216,0.072136,0.047412,35,sort,0.34,ns2,tahoe
tahoe,4.5389,50.7962,175.1156,238.6656,89.9873,0.05765,0.0496,24,streaming,0.18,ns2,tahoe
tahoe,5.0162,49.8216,180.0406,207.6624,75.5452,0.071015,0.063471,30,streaming,0.25,ns2,tahoe
tahoe,3.9915,49.8914,163.9314,199.9386,74.3606,0.05482,0.040541,46,sort,0.19,ns2,tahoe
tahoe,3.3452,48.5558,216.2905,304.9188,64.0103,0.114309,0.091073,11,streaming,0.94,ns2,tahoe
tahoe,4.5694,44.0775,195.9521,289.2324,88.5635,0.09637,0.057334,35,io,0.59,ns2,tahoe
tahoe,4.587,42.6274,205.3505,196.5326,64.8771,0.074696,0.04432,31,streaming,0.24,ns2,tahoe
tahoe,3.7546,45.1543,175.9367,249.9287,69.9436,0.088999,0.053997,50,streaming,0.23,ns2,tahoe
tahoe,3.7675,65.4284,217.682,330.4622,71.5061,0.064845,0.06262,28,streaming,0.84,ns2,tahoe
tahoe,4.2135,59.11,218.8752,293.9669,80.3843,0.098671,0.056308,47,streaming,0.93,ns2,tahoe
tahoe,4.3528,50.8521,200.4222,315.6903,82.1197,0.105955,0.079832,50,sort,0.72,ns2,tahoe
tahoe,4.294,64.819,264.3645,246.3635,67.7617,0.083711,0.081503,35,streaming,0.82,ns2,tahoe
tahoe,3.8951,64.6278,221.7702,241.3171,91.4237,0.070162,0.064585,25,streaming,0.83,ns2,tahoe
tahoe,4.4011,49.4813,245.3586,245.0164,86.0422,0.087225,0.05414,31,io,0.54,ns2,tahoe
tahoe,4.1038,52.4259,251.2575,253.5199,79.8633,0.077232,0.067855,49,sort,0.59,ns2,tahoe
tahoe,4.0659,50.1667,197.8594,333.3775,64.1125,0.08975,0.088418,12,streaming,0.83,ns2,tahoe
tahoe,4.4195,50.8389,215.9426,200.5811,76.4949,0.084822,0.058239,31,io,0.15,ns2,tahoe
tahoe,3.6979,41.509,241.944,261.5342,74.1782,0.053429,0.07637,28,streaming,0.32,ns2,tahoe
tahoe,4.9251,38.2303,220.0962,261.2524,64.4765,0.064908,0.042223,9,streaming,0.15,ns2,tahoe
tahoe,4.1211,39.4604,210.6014,247.7311,83.1487,0.061289,0.052777,26,io,0.11,ns2,tahoe
tahoe,4.4567,46.5844,192.1155,292.8924,64.5305,0.090791,0.063246,5,sort,0.5,ns2,tahoe
tahoe,4.4875,56.5998,220.8725,284.6473,89.3111,0.078043,0.070198,32,io,0.46,ns2,tahoe
tahoe,4.305,57.5603,290.9329,252.2038,69.552,0.095697,0.059402,16,io,0.94,ns2,tahoe
tahoe,3.9215,47.1412,258.3863,281.5148,81.8674,0.081999,0.064571,8,sort,0.84,ns2,tahoe
tahoe,3.6956,50.7211,206.1039,268.3248,85.3901,0.07794,0.058369,15,sort,0.82,ns2,tahoe
tahoe,3.634,42.6973,258.4148,234.7722,69.2687,0.1019,0.054726,10,streaming,0.59,ns2,tahoe
tahoe,3.0435,67.8332,249.394,246.7009,66.2372,0.079898,0.093031,23,sort,0.98,ns2,tahoe
tahoe,3.2571,62.6269,269.8152,343.092,83.263,0.0681,0.067836,37,sort,0.96,ns2,tahoe
tahoe,3.8037,50.643,197.2368,264.6153,64.6783,0.057017,0.063516,10,streaming,0.19,ns2,tahoe
tahoe,4.3239,51.0516,220.4529,307.3019,67.5684,0.099958,0.091626,37,streaming,0.9,ns2,tahoe
tahoe,4.2505,51.7966,244.8151,257.2307,67.2984,0.070242,0.069018,32,sort,0.56,ns2,tahoe
tahoe,5.1289,43.1876,175.0943,238.866,65.7284,0.055702,0.060621,36,sort,0.14,ns2,tahoe
tahoe,4.0003,51.8686,202.2619,273.0362,85.4641,0.053838,0.043309,25,streaming,0.19,ns2,tahoe
tahoe,3.953,42.9788,192.8542,203.0059,68.6391,0.084893,0.049908,35,io,0.25,ns2,tahoe
tahoe,3.8368,50.252,216.8974,301.9301,64.7393,0.109707,0.067919,44,io,0.98,ns2,tahoe
tahoe,3.6097,57.2227,258.6748,271.2687,65.9656,0.084441,0.06913,48,streaming,0.93,ns2,tahoe
tahoe,3.9238,49.7167,209.6629,234.7649,67.9511,0.053713,0.052109,41,sort,0.14,ns2,tahoe
tahoe,3.7944,56.5672,229.8413,240.6232,76.7212,0.079598,0.074274,11,streaming,0.46,ns2,tahoe
tahoe,3.9567,53.16,190.8749,227.2208,74.8503,0.052688,0.051667,43,sort,0.18,ns2,tahoe
tahoe,4.472,43.9735,218.2827,264.8727,90.132,0.062866,0.052897,41,sort,0.54,ns2,tahoe
tahoe,5.1463,37.7904,216.5923,252.8312,90.9708,0.058083,0.046401,6,sort,0.13,ns2,tahoe
tahoe,3.5575,52.2958,220.4437,255.2925,71.2852,0.067255,0.087942,33,sort,0.96,ns2,tahoe
tahoe,3.3532,64.164,216.4957,240.8196,88.6352,0.084128,0.089867,24,sort,0.88,ns2,tahoe
tahoe,5.2178,46.3647,205.4267,262.5806,90.6084,0.070216,0.072842,41,io,0.25,ns2,tahoe
tahoe,4.3201,56.7465,192.5518,274.0296,79.7942,0.061147,0.068295,25,streaming,0.45,ns2,tahoe
tahoe,5.4522,44.5453,180.827,251.326,82.4609,0.059755,0.06317,33,io,0.11,ns2,tahoe
tahoe,3.8461,60.1336,255.9052,243.5433,84.4657,0.072771,0.080087,15,streaming,0.95,ns2,tahoe
tahoe,3.7776,61.1394,267.2937,275.7926,64.0347,0.097694,0.04668,24,streaming,0.64,ns2,tahoe
tahoe,4.3968,53.9601,219.0435,252.9818,73.4728,0.082126,0.064959,26,streaming,0.55,ns2,tahoe
tahoe,4.508,43.8192,203.3344,205.9093,75.8101,0.06254,0.062941,48,streaming,0.2,ns2,tahoe
tahoe,4.4804,58.2369,250.5667,219.7315,66.081,0.094582,0.047437,6,io,0.49,ns2,tahoe
tahoe,3.4162,57.4728,239.3624,273.4761,81.3317,0.082619,0.078067,47,io,0.65,ns2,tahoe
tahoe,3.8957,53.1567,213.9716,212.4931,87.5565,0.096022,0.05505,34,io,0.36,ns2,tahoe
tahoe,4.5101,54.3447,178.7863,243.7158,69.8892,0.06804,0.076801,21,sort,0.47,ns2,tahoe
tahoe,4.589,39.9586,242.5149,206.5102,64.3665,0.089319,0.07329,38,io,0.38,ns2,tahoe
tahoe,3.5303,49.0068,247.9263,276.672,79.1586,0.081282,0.074412,30,sort,0.84,ns2,tahoe
tahoe,3.6721,64.5753,232.7451,307.9661,74.895,0.077672,0.055455,19,sort,0.85,ns2,tahoe
tahoe,4.598,47.9307,219.2413,262.4471,81.1583,0.061269,0.059069,25,streaming,0.19,ns2,tahoe
tahoe,3.6969,38.8403,224.7172,210.5078,80.9008,0.075625,0.075666,41,streaming,0.28,ns2,tahoe
tahoe,4.5978,58.1726,225.7565,278.1906,68.8449,0.084572,0.051637,17,sort,0.44,ns2,tahoe
tahoe,4.3977,57.381,214.6894,240.9922,65.0789,0.060579,0.050821,6,streaming,0.58,ns2,tahoe
tahoe,4.4853,45.6033,265.9066,233.9187,67.5956,0.071084,0.053628,9,sort,0.67,ns2,tahoe
tahoe,4.726,45.695,190.0098,288.3643,75.1918,0.079203,0.068696,18,io,0.54,ns2,tahoe
tahoe,4.4542,56.374,229.6189,241.0545,71.9794,0.104479,0.073734,45,io,0.72,ns2,tahoe
tahoe,3.4356,49.7445,216.5083,317.0948,80.3949,0.057965,0.066823,21,streaming,0.65,ns2,tahoe
tahoe,3.8291,57.7041,249.1709,318.0935,69.6761,0.081859,0.088307,6,streaming,0.93,ns2,tahoe
tahoe,3.6604,52.1582,183.5385,228.7599,69.1992,0.057619,0.068659,46,streaming,0.39,ns2,tahoe
tahoe,4.8301,47.2259,243.8253,284.2497,70.6199,0.061886,0.073025,50,sort,0.36,ns2,tahoe
tahoe,3.7369,53.2726,216.0148,216.357,69.3834,0.085391,0.057875,33,io,0.35,ns2,tahoe
tahoe,3.8448,46.8824,187.1706,245.2279,69.2127,0.071507,0.077722,9,sort,0.48,ns2,tahoe
tahoe,4.8507,45.9722,212.1602,267.1838,88.1406,0.100223,0.064277,30,streaming,0.5,ns2,tahoe
vegas,5.498,44.6013,191.8972,200.4,71.3309,0.078268,0.05339,25,streaming,0.13,ns2,vegas
vegas,5.1441,50.6685,199.3061,232.0882,74.3747,0.073117,0.051537,23,io,0.21,ns2,vegas
vegas,3.7918,54.8181,273.3418,300.1453,88.2767,0.109609,0.083041,46,sort,0.64,ns2,vegas
vegas,4.1347,47.8564,215.5383,273.5712,79.4418,0.122703,0.072266,12,io,0.48,ns2,vegas
vegas,4.1119,49.4558,250.8212,229.6574,83.5911,0.116113,0.098945,34,sort,0.51,ns2,vegas
vegas,3.826,49.9109,235.4636,223.8347,65.6395,0.089728,0.087571,31,io,0.36,ns2,vegas
vegas,3.8223,52.2682,222.0489,293.1642,79.3035,0.074673,0.072111,34,io,0.75,ns2,vegas
vegas,5.0772,44.9963,235.1162,261.8211,66.0119,0.070341,0.054538,11,sort,0.54,ns2,vegas
vegas,4.1443,53.2292,237.7501,307.6237,88.4157,0.13016,0.089498,5,sort,0.99,ns2,vegas
vegas,3.5494,64.2518,236.9009,326.158,67.3211,0.096919,0.092225,29,streaming,0.94,ns2,vegas
vegas,5.3268,50.4802,199.99,220.8969,69.4087,0.09539,0.087908,31,streaming,0.34,ns2,vegas
vegas,3.616,54.6416,262.9601,275.9761,93.1101,0.089538,0.091309,19,sort,0.67,ns2,vegas
vegas,5.2357,44.0743,246.5883,203.5438,83.6903,0.104639,0.077052,9,io,0.18,ns2,vegas
vegas,3.4559,62.3426,274.508,271.4518,79.1269,0.098416,0.103471,38,streaming,0.97,ns2,vegas
vegas,4.7258,48.8554,243.6559,221.1738,79.6094,0.12123,0.064575,28,io,0.56,ns2,vegas
vegas,5.0567,50.9524,263.8915,216.9923,73.1237,0.075024,0.066466,41,io,0.45,ns2,vegas
vegas,4.1144,46.5856,220.5215,216.0556,78.3601,0.086466,0.079282,38,streaming,0.68,ns2,vegas
vegas,3.7827,52.5683,231.3134,223.1184,76.5312,0.091702,0.068902,33,io,0.51,ns2,vegas
vegas,3.8581,47.0831,268.2377,210.8934,70.5946,0.07342,0.063077,43,streaming,0.35,ns2,vegas
vegas,3.7348,43.6545,224.0362,215.99,68.4698,0.119411,0.08071,20,io,0.54,ns2,vegas
vegas,4.5021,52.5953,234.249,215.2048,76.4155,0.07126,0.081849,49,streaming,0.16,ns2,vegas
vegas,4.073,43.7781,243.1127,253.7724,73.4138,0.063734,0.058919,49,streaming,0.34,ns2,vegas
vegas,3.9028,61.8481,231.0579,242.7771,67.1612,0.081211,0.099158,14,sort,0.66,ns2,vegas
vegas,3.8196,55.2284,245.4535,259.0937,67.3764,0.120537,0.105513,43,sort,0.97,ns2,vegas
vegas,4.6415,50.0319,215.9439,208.1586,88.6058,0.096853,0.096391,19,io,0.42,ns2,vegas
vegas,4.7034,57.7682,212.7041,281.1087,74.7786,0.096843,0.070935,39,streaming,0.57,ns2,vegas
vegas,4.2235,48.128,258.2152,218.6578,74.7231,0.091489,0.079539,43,io,0.33,ns2,vegas
vegas,4.6369,56.3767,203.801,294.4303,89.6742,0.10576,0.060619,36,io,0.54,ns2,vegas
vegas,5.3769,53.5623,205.4115,240.0375,70.7203,0.107938,0.073485,22,sort,0.13,ns2,vegas
vegas,4.0014,66.0386,319.5444,314.7454,70.1798,0.132776,0.077506,26,sort,0.89,ns2,vegas
vegas,5.1812,46.6222,213.0214,251.4511,85.2555,0.112793,0.05816,34,io,0.45,ns2,vegas
vegas,3.9336,62.1652,251.3103,273.4884,78.5166,0.077854,0.100898,44,io,0.61,ns2,vegas
vegas,3.9684,48.9814,277.731,211.0443,66.3457,0.085456,0.082986,8,streaming,0.6,ns2,vegas
vegas,4.2372,55.1021,202.02,228.6798,75.1947,0.083977,0.093858,47,streaming,0.54,ns2,vegas
vegas,3.385,49.8518,254.0961,332.8453,70.8028,0.114099,0.064993,19,sort,0.96,ns2,vegas
vegas,4.5,48.7055,207.5006,212.6154,91.0446,0.104794,0.084941,43,io,0.13,ns2,vegas
vegas,4.4572,56.3417,260.3228,208.165,87.1389,0.07816,0.069867,17,sort,0.38,ns2,vegas
vegas,4.243,57.078,230.6136,211.3118,87.5608,0.110027,0.055558,38,streaming,0.37,ns2,vegas
vegas,4.4044,54.9104,230.896,235.1492,78.5233,0.121794,0.074536,40,io,0.5,ns2,vegas
vegas,4.2288,39.7088,247.2137,242.5732,81.7786,0.078077,0.072513,41,io,0.12,ns2,vegas
vegas,4.2996,55.2798,262.3523,227.9084,88.2783,0.130512,0.083202,8,streaming,0.89,ns2,vegas
vegas,5.4433,49.0479,206.8231,191.8345,73.4882,0.085269,0.062,8,io,0.18,ns2,vegas
vegas,5.12,51.0502,186.4471,202.5267,69.2985,0.099649,0.069473,19,sort,0.21,ns2,vegas
vegas,4.4133,53.6669,254.7044,327.7802,65.3585,0.106151,0.095349,12,sort,0.91,ns2,vegas
vegas,5.081,39.9212,186.8334,199.1374,78.7291,0.102756,0.066215,8,streaming,0.16,ns2,vegas
vegas,3.762,68.2191,306.452,314.6596,80.8171,0.128475,0.095525,47,io,0.93,ns2,vegas
vegas,3.6625,44.6595,222.1574,282.9907,72.0605,0.100654,0.08955,17,io,0.66,ns2,vegas
vegas,4.0287,44.4628,253.4134,238.4506,73.0476,0.08965,0.090847,34,io,0.53,ns2,vegas
vegas,3.8645,47.1803,208.8327,236.8675,81.7848,0.068308,0.082696,47,io,0.48,ns2,vegas
vegas,4.8136,51.1283,221.9386,295.8955,78.2886,0.070522,0.063576,37,streaming,0.66,ns2,vegas
vegas,3.5468,65.4813,272.8297,277.0184,70.1668,0.083808,0.09271,41,sort,0.87,ns2,vegas
vegas,5.1041,43.5981,261.0977,255.249,91.5973,0.068765,0.089364,35,sort,0.41,ns2,vegas
vegas,4.6497,44.7354,256.9342,244.3212,84.0271,0.080137,0.083826,42,io,0.44,ns2,vegas
vegas,3.9826,65.5402,233.8459,234.5895,86.1437,0.091074,0.095449,36,io,0.96,ns2,vegas
vegas,3.6388,52.642,302.4533,323.1364,87.9385,0.082414,0.106115,29,io,0.94,ns2,vegas
vegas,4.6745,47.0026,240.1218,224.2226,86.6317,0.09977,0.076481,45,io,0.78,ns2,vegas
vegas,3.7141,61.1192,257.7811,323.3735,81.5914,0.086646,0.071994,33,streaming,0.86,ns2,vegas
vegas,3.6926,48.0652,287.938,293.1263,70.676,0.10639,0.0874,47,streaming,0.71,ns2,vegas
vegas,5.3906,53.3021,209.5817,217.6427,80.8132,0.064296,0.056143,46,streaming,0.19,ns2,vegas
vegas,4.8093,54.0498,246.8604,240.6018,82.8704,0.101114,0.061162,9,streaming,0.58,ns2,vegas
vegas,4.2149,43.3954,205.7957,272.5852,73.707,0.073298,0.063781,43,sort,0.49,ns2,vegas
vegas,3.8573,61.2549,287.9437,232.0646,85.2966,0.072566,0.095836,23,streaming,0.59,ns2,vegas
vegas,4.4272,46.679,228.0638,208.4921,82.8751,0.088311,0.084917,42,sort,0.17,ns2,vegas
vegas,4.6134,43.0676,237.9089,222.7472,90.583,0.07059,0.063143,26,io,0.52,ns2,vegas
vegas,4.4741,48.9622,274.134,311.0224,81.3075,0.114798,0.103469,7,sort,0.93,ns2,vegas
vegas,5.2526,51.8587,246.3897,205.0158,80.9518,0.117679,0.064024,7,streaming,0.41,ns2,vegas
vegas,4.8627,49.2183,215.2998,209.1658,89.4901,0.110987,0.049339,8,io,0.19,ns2,vegas
vegas,5.0254,51.5262,229.7547,238.7175,80.9824,0.061802,0.078386,49,streaming,0.12,ns2,vegas
vegas,4.6906,40.8712,217.239,258.9801,93.2871,0.080174,0.056863,32,sort,0.21,ns2,vegas
vegas,3.52,59.9738,247.7794,305.1532,90.5918,0.126633,0.089669,5,streaming,0.93,ns2,vegas
vegas,4.3809,48.7374,235.319,245.3369,66.4248,0.096935,0.093174,20,streaming,0.89,ns2,vegas
vegas,3.9708,58.7467,241.8339,241.9212,72.3328,0.112566,0.087487,27,streaming,1.0,ns2,vegas
vegas,3.837,53.705,260.2186,283.8593,90.0377,0.090678,0.1059,25,streaming,0.91,ns2,vegas
vegas,3.5285,51.9926,251.8176,308.3326,79.0857,0.076176,0.101741,38,sort,0.73,ns2,vegas
vegas,4.7532,41.9517,248.086,258.2891,66.2002,0.075652,0.06938,34,sort,0.31,ns2,vegas
vegas,3.8635,48.7499,254.8238,270.6482,88.8419,0.081487,0.075329,44,streaming,0.96,ns2,vegas
vegas,5.0486,48.6013,200.4079,218.5567,70.4509,0.090069,0.054971,24,streaming,0.45,ns2,vegas
vegas,5.7263,52.5204,236.1826,207.6199,88.8699,0.072715,0.078149,18,io,0.13,ns2,vegas
vegas,4.3874,58.2445,298.556,296.3933,91.7429,0.119056,0.097974,40,io,0.78,ns2,vegas
vegas,5.1606,46.8261,282.0898,247.5125,77.3011,0.106312,0.087295,21,sort,0.45,ns2,vegas
vegas,4.6991,56.0625,203.9076,263.2572,73.2056,0.097898,0.06103,20,io,0.25,ns2,vegas
vegas,3.8097,53.8343,275.5542,256.3356,84.0364,0.121253,0.098388,43,io,0.79,ns2,vegas
vegas,5.1039,42.5265,196.6831,193.7986,78.4138,0.081188,0.066023,27,io,0.11,ns2,vegas
vegas,3.9164,43.6881,284.361,230.2567,82.6372,0.085504,0.056855,16,sort,0.53,ns2,vegas
vegas,4.2336,48.7642,208.2995,207.9205,90.1026,0.098992,0.060801,46,io,0.33,ns2,vegas
vegas,4.9595,44.7813,202.1334,224.8704,71.6963,0.107779,0.087863,21,sort,0.13,ns2,vegas
vegas,5.0537,38.0058,194.376,188.3062,79.6789,0.064677,0.050297,18,io,0.11,ns2,vegas
vegas,5.0875,53.024,199.0313,233.634,73.2738,0.065933,0.078526,28,io,0.39,ns2,vegas
vegas,5.1831,47.6823,273.6797,222.8836,66.0654,0.085213,0.064731,14,io,0.4,ns2,vegas
vegas,3.3525,51.9445,255.6033,301.1526,86.4059,0.125671,0.096896,18,streaming,0.92,ns2,vegas
vegas,3.7254,54.6699,228.7644,287.3852,67.4184,0.069913,0.094516,19,sort,0.44,ns2,vegas
vegas,4.4577,57.6564,254.9342,221.4096,90.3098,0.116163,0.083892,47,sort,0.61,ns2,vegas
vegas,4.024,46.7893,255.2178,290.8853,74.5785,0.11486,0.100231,19,io,0.57,ns2,vegas
vegas,5.131,55.2221,239.2735,289.9275,76.9031,0.071544,0.079313,9,sort,0.51,ns2,vegas
vegas,3.8839,52.3383,302.2867,252.2602,88.8603,0.138771,0.10787,20,sort,0.92,ns2,vegas
vegas,4.2881,59.4632,275.3595,299.3236,74.9473,0.080138,0.07861,37,io,0.8,ns2,vegas
vegas,3.8367,66.9787,248.1625,251.1979,78.1661,0.087303,0.083034,40,sort,0.98,ns2,vegas
vegas,4.4617,47.7631,217.1378,259.4763,84.9182,0.132311,0.063759,38,io,0.74,ns2,vegas
vegas,3.6916,56.0758,280.404,301.5732,68.5797,0.133369,0.106743,42,io,0.93,ns2,vegas
vegas,4.9577,44.9883,276.1873,245.8022,78.0181,0.094228,0.077338,32,streaming,0.65,ns2,vegas
vegas,4.922,53.4613,251.9312,245.418,88.6395,0.091893,0.05785,5,io,0.36,ns2,vegas
vegas,4.4983,52.5917,236.5216,227.8457,85.8477,0.085982,0.092271,19,io,0.63,ns2,vegas
vegas,3.8326,49.786,236.0056,239.2036,91.7279,0.079854,0.068231,16,io,0.37,ns2,vegas
vegas,4.3019,63.5311,325.7387,253.0084,80.0279,0.113442,0.092855,11,streaming,0.96,ns2,vegas
vegas,3.8997,46.0109,231.5975,274.9741,73.4281,0.116069,0.096023,11,streaming,0.41,ns2,vegas
vegas,3.5854,49.6662,279.9314,281.0681,70.0053,0.114047,0.062361,39,sort,0.93,ns2,vegas
vegas,3.5325,59.0243,206.6707,226.9733,92.1217,0.101845,0.089021,38,streaming,0.58,ns2,vegas
vegas,4.4619,40.3948,238.7066,254.7056,77.8896,0.083547,0.059765,13,io,0.21,ns2,vegas
vegas,4.0676,69.0037,309.6666,309.6907,71.5386,0.081465,0.069498,26,sort,0.99,ns2,vegas
vegas,4.9962,52.2079,196.7869,253.0435,90.7044,0.065861,0.055404,50,sort,0.35,ns2,vegas
vegas,3.5756,57.4447,298.3431,283.5684,92.3328,0.112218,0.07069,42,io,0.81,ns2,vegas
vegas,4.7585,46.2807,209.0051,271.2462,86.1632,0.08145,0.061382,10,streaming,0.44,ns2,vegas
vegas,4.2121,48.1054,233.8151,288.2946,71.141,0.087584,0.082575,21,sort,0.96,ns2,vegas
vegas,4.3361,56.4624,252.8843,273.9965,70.3261,0.087722,0.066914,23,sort,0.65,ns2,vegas
vegas,4.5927,52.4501,244.7097,261.2633,67.936,0.077593,0.099372,23,io,0.7,ns2,vegas
vegas,4.1468,54.1619,208.4576,243.5552,74.2987,0.072828,0.084814,50,io,0.48,ns2,vegas
vegas,5.3897,53.3339,231.043,242.6512,66.0026,0.075207,0.05795,31,io,0.22,ns2,vegas
vegas,4.4926,43.0485,209.3039,217.4758,76.5813,0.106492,0.058802,19,io,0.15,ns2,vegas
vegas,4.2088,48.4626,242.9859,212.4868,71.0739,0.099786,0.0942,44,streaming,0.41,ns2,vegas
vegas,4.368,44.498,274.6747,287.5783,67.7563,0.111922,0.099465,40,streaming,0.65,ns2,vegas
vegas,4.9309,43.933,194.8253,195.3425,80.5018,0.104143,0.057396,15,streaming,0.16,ns2,vegas
vegas,3.7844,59.0701,249.2498,230.5181,89.3656,0.123844,0.087292,37,io,0.92,ns2,vegas
vegas,3.7183,46.8895,199.2722,256.8105,84.8616,0.067878,0.086697,29,io,0.46,ns2,vegas
vegas,4.638,61.7907,290.7715,222.331,79.6094,0.113132,0.091916,6,streaming,0.69,ns2,vegas
vegas,5.1693,39.7586,233.1492,242.2243,70.7329,0.089566,0.059787,25,sort,0.11,ns2,vegas
vegas,3.6658,47.0077,216.0211,225.7524,83.9454,0.093186,0.06635,10,sort,0.48,ns2,vegas
vegas,4.7819,48.1001,262.3482,236.074,72.173,0.063689,0.071602,30,io,0.3,ns2,vegas
vegas,4.1636,57.5763,284.727,234.1187,87.2404,0.105102,0.08563,11,sort,0.96,ns2,vegas
vegas,3.6379,56.7963,218.0684,267.311,71.1163,0.127204,0.084936,10,io,0.68,ns2,vegas
vegas,5.3686,47.7077,251.0107,249.4692,66.8601,0.087313,0.066419,26,sort,0.23,ns2,vegas
vegas,3.7246,58.2216,259.8816,225.4223,84.9282,0.121529,0.09923,39,streaming,0.85,ns2,vegas
vegas,3.9211,51.5244,245.5145,256.8688,86.3385,0.110355,0.097028,32,sort,0.55,ns2,vegas
vegas,3.5624,45.3952,262.0364,229.1482,70.8212,0.124588,0.062665,32,io,0.73,ns2,vegas
vegas,4.8063,52.0101,269.1695,256.1685,76.6021,0.085009,0.074454,23,sort,0.55,ns2,vegas
vegas,3.7544,51.8013,298.3191,272.9178,69.9221,0.089631,0.091138,44,sort,0.75,ns2,vegas
vegas,3.892,53.3366,273.2608,326.7742,91.7004,0.122885,0.1052,13,io,0.96,ns2,vegas
vegas,5.3189,39.2151,218.3396,200.6667,67.0923,0.113482,0.062616,17,sort,0.25,ns2,vegas
vegas,4.7732,45.1566,191.3974,229.184,69.6505,0.081096,0.073801,19,streaming,0.28,ns2,vegas
vegas,5.2168,46.0241,264.1491,273.474,81.8973,0.081993,0.079794,30,streaming,0.41,ns2,vegas
vegas,3.9429,61.6174,233.5955,245.7823,86.0802,0.093722,0.074094,11,sort,0.94,ns2,vegas
vegas,4.969,51.5018,208.6163,248.7701,82.1176,0.075447,0.082515,44,sort,0.21,ns2,vegas
vegas,3.7152,44.7979,233.0731,236.2126,91.771,0.10808,0.063577,35,io,0.7,ns2,vegas
vegas,3.3392,67.2279,236.3231,307.8735,77.346,0.104735,0.075139,12,io,0.89,ns2,vegas
vegas,4.4441,46.6921,228.1183,218.8648,80.1094,0.091896,0.088789,18,io,0.32,ns2,vegas
vegas,4.3292,63.0402,310.8497,288.5741,79.1969,0.127368,0.096497,40,sort,0.96,ns2,vegas
vegas,3.7026,47.9313,260.0959,275.298,84.3457,0.121803,0.070978,40,sort,0.91,ns2,vegas
vegas,3.7711,50.8571,296.0855,228.3794,77.8231,0.108208,0.059952,24,streaming,0.89,ns2,vegas
vegas,5.2132,49.9847,194.6856,221.0606,83.6927,0.100389,0.069502,49,io,0.4,ns2,vegas
vegas,4.3001,64.3647,290.4519,299.9873,91.7145,0.132387,0.088046,36,io,0.73,ns2,vegas
vegas,5.3794,52.082,250.8492,192.0187,65.999,0.109457,0.056079,16,sort,0.26,ns2,vegas
vegas,3.3553,64.2442,233.9756,270.8326,85.506,0.094416,0.103261,22,streaming,0.88,ns2,vegas
vegas,4.0488,64.0937,262.336,302.283,90.916,0.135516,0.070154,42,streaming,0.99,ns2,vegas
vegas,4.1156,64.1164,252.5094,299.2249,84.3343,0.075774,0.09803,37,io,0.75,ns2,vegas
vegas,4.0693,46.3451,205.5882,203.3337,79.6368,0.070459,0.080513,5,io,0.23,ns2,vegas
vegas,4.3174,46.7931,240.3725,256.1477,81.3742,0.08991,0.056624,10,sort,0.38,ns2,vegas
vegas,4.2033,49.3399,263.723,252.4215,87.742,0.073515,0.065483,10,streaming,0.26,ns2,vegas
vegas,3.6652,61.2464,315.1723,313.597,86.5594,0.121767,0.075544,29,streaming,0.89,ns2,vegas
vegas,3.7765,56.4774,252.82,298.156,72.9795,0.0838,0.105326,21,streaming,0.74,ns2,vegas
vegas,3.5108,52.1613,247.3948,291.3137,80.1397,0.122126,0.090728,15,io,0.73,ns2,vegas
vegas,4.744,46.3899,193.8248,236.6875,75.1003,0.100616,0.079897,18,sort,0.13,ns2,vegas
vegas,4.6044,54.4731,217.1079,242.629,71.2033,0.077121,0.063594,12,sort,0.41,ns2,vegas
vegas,3.8216,45.7446,256.2535,241.7374,75.987,0.102553,0.05612,49,sort,0.57,ns2,vegas
vegas,5.4942,38.4196,214.4965,211.7017,83.7117,0.065762,0.086368,24,io,0.19,ns2,vegas
vegas,4.2178,39.4195,250.1834,225.9634,81.654,0.084789,0.066322,20,sort,0.25,ns2,vegas
vegas,4.8032,48.5467,222.745,196.528,91.755,0.07609,0.091306,37,io,0.33,ns2,vegas
vegas,5.3103,54.5019,213.559,187.5105,79.8296,0.108797,0.085548,49,io,0.2,ns2,vegas
vegas,4.5051,59.8586,240.3873,298.2499,87.7372,0.079278,0.065324,14,streaming,0.95,ns2,vegas
vegas,3.8629,55.6203,281.9707,242.6646,70.0973,0.092469,0.067807,18,io,0.82,ns2,vegas
vegas,4.0062,54.7373,272.8409,236.2309,78.8321,0.086238,0.074746,48,sort,0.49,ns2,vegas
vegas,5.129,53.7814,268.321,262.6017,87.0072,0.07117,0.05841,13,streaming,0.45,ns2,vegas
vegas,5.0897,56.7165,260.3974,238.5416,76.4431,0.07002,0.074864,42,io,0.46,ns2,vegas
vegas,4.3892,41.2616,204.9404,219.9992,65.2194,0.08954,0.063479,9,sort,0.12,ns2,vegas
vegas,4.173,45.3564,238.2279,223.2371,76.1632,0.081226,0.063575,24,streaming,0.68,ns2,vegas
vegas,3.7176,59.0765,232.9712,214.8441,84.6976,0.112796,0.073582,10,io,0.45,ns2,vegas
vegas,3.8718,56.6249,262.6824,199.0724,74.3022,0.096969,0.06908,34,sort,0.41,ns2,vegas
vegas,5.8059,43.8473,235.8946,203.5945,72.5746,0.091003,0.07157,33,sort,0.11,ns2,vegas
vegas,4.6642,58.725,288.981,216.6837,70.291,0.092405,0.089517,48,io,0.55,ns2,vegas
vegas,4.5954,53.6322,226.3986,199.2649,88.4315,0.09768,0.066897,8,streaming,0.17,ns2,vegas
vegas,3.7765,51.5942,233.1227,284.6431,84.8135,0.081698,0.06928,23,streaming,0.52,ns2,vegas
vegas,4.1086,49.4856,250.9198,222.9106,74.4626,0.112143,0.087714,27,streaming,0.79,ns2,vegas
vegas,4.4307,50.4723,223.0728,228.4861,85.9694,0.111026,0.07886,22,sort,0.76,ns2,vegas
vegas,4.828,45.4745,264.5597,270.59,86.1382,0.094122,0.072395,9,io,0.41,ns2,vegas
vegas,3.9701,58.3255,247.0208,272.9923,76.1015,0.118817,0.05514,45,streaming,0.39,ns2,vegas
vegas,3.9234,49.3166,286.4613,289.6798,86.4243,0.077083,0.102898,12,io,0.77,ns2,vegas
vegas,3.6779,52.28,267.3544,305.8491,72.1484,0.122957,0.077111,35,sort,0.81,ns2,vegas
vegas,4.3135,51.5153,202.2418,232.6718,66.4827,0.083942,0.057827,23,io,0.29,ns2,vegas
vegas,4.1201,54.1541,245.5785,217.7907,78.4057,0.106957,0.078771,11,io,0.35,ns2,vegas
vegas,5.0312,43.5308,237.947,252.4473,82.6082,0.087545,0.06832,43,streaming,0.3,ns2,vegas
vegas,4.4946,50.9709,222.7276,225.1004,88.7117,0.073192,0.089756,36,io,0.4,ns2,vegas
vegas,4.1365,46.3266,220.075,245.9937,81.5208,0.066779,0.070923,27,sort,0.29,ns2,vegas
vegas,5.7338,44.1982,202.848,208.7416,84.4734,0.061684,0.073904,15,sort,0.17,ns2,vegas
vegas,4.0935,63.5797,211.297,304.4097,81.0953,0.099409,0.067242,39,sort,0.66,ns2,vegas
vegas,5.5776,40.7632,214.5657,203.7029,68.3394,0.07633,0.085201,30,sort,0.22,ns2,vegas
vegas,4.6566,51.4614,259.6338,239.0021,75.5654,0.075,0.096742,45,io,0.6,ns2,vegas
vegas,4.0497,56.6124,238.3687,260.4408,86.829,0.090388,0.104076,15,io,0.79,ns2,vegas
vegas,3.7557,47.7279,307.4011,306.7126,83.9494,0.119537,0.065389,42,streaming,0.93,ns2,vegas
vegas,4.0268,57.0854,268.2575,228.1902,82.9116,0.131003,0.085476,31,io,0.69,ns2,vegas
vegas,4.0284,51.4127,288.7114,300.375,92.409,0.077259,0.091876,46,io,0.95,ns2,vegas
vegas,5.0496,57.1013,210.502,232.9306,90.2002,0.075645,0.094878,17,sort,0.45,ns2,vegas
vegas,3.8359,41.3732,241.9194,236.4607,84.7357,0.089119,0.062362,16,io,0.39,ns2,vegas
vegas,4.0404,65.3303,312.2881,321.9438,91.1796,0.092416,0.098927,9,sort,0.98,ns2,vegas
vegas,5.3076,43.9233,216.4303,216.7892,76.1989,0.098529,0.085879,50,streaming,0.11,ns2,vegas
vegas,4.723,55.5057,252.2828,210.5585,78.9312,0.110921,0.068433,30,sort,0.58,ns2,vegas
vegas,4.3656,54.0862,289.903,275.3757,83.7617,0.100885,0.065301,14,sort,0.85,ns2,vegas
vegas,4.3321,49.067,237.5233,266.3561,74.8976,0.131874,0.099543,18,sort,0.86,ns2,vegas
vegas,4.8564,41.4932,264.9908,235.5471,72.1763,0.07773,0.063723,33,io,0.34,ns2,vegas
vegas,4.8602,51.161,244.0999,263.3777,69.4093,0.080779,0.061629,28,io,0.4,ns2,vegas
vegas,3.9379,61.6927,220.4815,268.7232,78.7732,0.094978,0.069125,49,sort,0.61,ns2,vegas
vegas,4.4428,45.1893,233.9084,188.7018,71.2302,0.077043,0.073431,21,sort,0.22,ns2,vegas
vegas,4.8897,59.3989,230.1889,253.3257,70.0498,0.084653,0.059281,37,sort,0.43,ns2,vegas
vegas,4.3622,57.2377,247.1465,271.176,78.9668,0.091068,0.068259,47,io,0.38,ns2,vegas
vegas,3.4913,52.2534,241.4354,292.6965,86.0259,0.083552,0.070861,36,io,0.95,ns2,vegas
vegas,5.0267,57.9528,274.4897,274.2884,80.1705,0.080079,0.062877,47,sort,0.51,ns2,vegas
vegas,4.2331,42.9559,182.6503,224.8607,80.4748,0.097072,0.083004,8,sort,0.13,ns2,vegas
vegas,3.9993,46.9583,264.3543,265.1243,83.7954,0.080796,0.084991,34,sort,0.5,ns2,vegas
vegas,4.34,43.9454,245.6195,249.6535,91.4253,0.110088,0.055202,24,sort,0.26,ns2,vegas
vegas,4.4614,50.4139,216.0401,189.9943,90.4002,0.062375,0.08018,9,streaming,0.15,ns2,vegas
vegas,4.6107,47.6664,194.5699,239.2545,82.2928,0.078397,0.050301,32,streaming,0.28,ns2,vegas
vegas,4.261,56.1633,285.0418,285.3199,83.3412,0.122551,0.110114,21,streaming,0.88,ns2,vegas
vegas,3.7227,58.4373,247.5446,267.4034,73.293,0.11241,0.071015,39,sort,0.78,ns2,vegas
vegas,4.9471,48.7527,240.6706,201.9364,86.8228,0.073027,0.050814,37,io,0.32,ns2,vegas
vegas,3.8666,56.6432,260.0826,213.2251,89.8391,0.086886,0.085377,16,streaming,0.52,ns2,vegas
vegas,5.1714,42.9787,226.7282,216.081,80.3502,0.067646,0.06252,44,streaming,0.27,ns2,vegas
vegas,4.1104,42.2689,249.9134,256.4675,89.5623,0.095281,0.056792,38,sort,0.29,ns2,vegas
vegas,3.9766,57.1302,301.1215,256.1865,72.695,0.137557,0.104814,28,sort,0.98,ns2,vegas
vegas,5.1767,52.9163,208.7945,212.3107,81.2912,0.101476,0.049328,30,io,0.23,ns2,vegas
vegas,4.6554,51.1386,255.0679,243.4713,65.7313,0.095836,0.056355,50,io,0.15,ns2,vegas
vegas,3.84,47.5783,221.1863,240.4424,86.3193,0.106677,0.077524,33,io,0.33,ns2,vegas
vegas,3.3524,50.2012,292.083,319.5465,82.1397,0.134716,0.107501,47,streaming,0.87,ns2,vegas
vegas,4.4445,46.6933,248.9341,233.4546,68.0764,0.101826,0.065064,28,sort,0.45,ns2,vegas
vegas,3.7939,44.5672,264.4688,231.8028,87.3559,0.090179,0.060183,14,io,0.49,ns2,vegas
vegas,3.7761,45.5535,229.675,264.6065,86.9995,0.084877,0.08076,23,sort,0.63,ns2,vegas
vegas,4.5303,46.3421,286.1414,284.6896,74.1572,0.123243,0.101116,33,streaming,0.72,ns2,vegas
vegas,3.6062,55.0141,259.3771,252.1505,84.564,0.115736,0.070381,6,streaming,0.77,ns2,vegas
vegas,4.6323,45.543,222.5641,190.9641,80.2929,0.10938,0.070643,6,sort,0.23,ns2,vegas
vegas,4.9627,60.3199,235.7561,259.9476,73.2612,0.088704,0.058352,9,streaming,0.61,ns2,vegas
vegas,4.688,53.7857,278.4319,288.3264,67.6841,0.123511,0.08403,17,sort,0.61,ns2,vegas
vegas,3.9567,51.3205,259.1932,305.8775,86.317,0.112731,0.061527,46,sort,0.78,ns2,vegas
vegas,4.2879,57.0296,281.2027,250.853,65.7886,0.10325,0.05564,29,io,0.62,ns2,vegas
vegas,4.6469,39.8715,243.2334,226.563,87.1423,0.086152,0.07384,17,streaming,0.12,ns2,vegas
vegas,4.666,63.8793,285.0168,277.2313,70.5774,0.081803,0.073415,11,sort,0.79,ns2,vegas
vegas,5.7587,38.0482,186.7013,207.893,67.1558,0.103301,0.08499,47,sort,0.12,ns2,vegas
vegas,4.1251,56.7619,206.1221,267.6909,87.273,0.064027,0.087702,33,io,0.29,ns2,vegas
vegas,3.9945,53.2189,250.5348,202.8138,66.5821,0.083876,0.057072,29,io,0.21,ns2,vegas
vegas,3.6128,47.2305,290.4898,278.6964,68.6562,0.114364,0.061224,36,streaming,0.63,ns2,vegas
vegas,4.4346,51.9801,233.8216,315.1343,88.0583,0.094441,0.070377,12,io,0.77,ns2,vegas
vegas,3.1878,64.8105,266.3181,317.9312,75.3224,0.137216,0.104098,32,streaming,0.95,ns2,vegas
vegas,3.5972,68.9394,234.9082,296.2396,76.324,0.106402,0.110062,22,sort,0.95,ns2,vegas
vegas,3.4124,62.4348,231.886,220.2709,80.0132,0.080629,0.08077,7,io,0.76,ns2,vegas
vegas,5.544,48.9066,208.4575,216.0326,69.6799,0.06882,0.086463,14,streaming,0.16,ns2,vegas
vegas,3.6025,63.2429,226.0941,235.6703,79.4104,0.091113,0.088691,21,sort,0.77,ns2,vegas
vegas,4.6249,50.6788,290.7599,216.4769,90.1252,0.124769,0.058211,29,streaming,0.66,ns2,vegas
vegas,4.0831,49.0715,218.3535,308.3408,67.8098,0.134054,0.063657,35,sort,0.79,ns2,vegas
vegas,4.9327,52.4724,212.6124,258.947,83.3962,0.085101,0.075361,21,io,0.52,ns2,vegas
vegas,4.8709,54.9109,236.45,194.2991,79.2744,0.10473,0.072886,13,sort,0.22,ns2,vegas
vegas,5.1937,42.164,241.8857,253.7088,85.697,0.07795,0.07668,20,streaming,0.3,ns2,vegas
vegas,5.0666,44.9253,246.1066,230.1066,82.078,0.090571,0.092717,22,streaming,0.3,ns2,vegas
vegas,3.8062,53.2873,230.1244,291.9187,89.5163,0.118779,0.097596,45,streaming,0.78,ns2,vegas
vegas,5.7822,37.8904,227.6132,248.1008,71.9789,0.079813,0.048125,35,streaming,0.14,ns2,vegas
vegas,3.8577,59.027,288.039,242.624,93.5779,0.093819,0.066234,33,io,0.54,ns2,vegas
vegas,5.0871,47.2454,209.1915,267.0996,70.505,0.078778,0.085218,40,io,0.21,ns2,vegas
vegas,4.6505,48.7033,245.7822,209.7709,75.6297,0.103839,0.09788,13,streaming,0.51,ns2,vegas
vegas,5.4256,40.3086,237.6443,194.813,75.1204,0.084052,0.071425,10,io,0.19,ns2,vegas
vegas,3.4144,65.5045,316.2425,284.2804,69.2286,0.120626,0.101481,17,sort,0.97,ns2,vegas
vegas,4.1177,61.0868,268.2986,270.4772,66.5186,0.104871,0.084208,49,io,0.76,ns2,vegas
vegas,3.4103,51.2505,294.171,295.36,89.7507,0.090481,0.108989,50,sort,0.95,ns2,vegas
vegas,4.64,42.375,187.9532,267.464,76.644,0.082129,0.071274,31,sort,0.24,ns2,vegas
vegas,3.6754,62.2548,252.9546,235.4167,85.4416,0.117608,0.07053,44,io,0.9,ns2,vegas
vegas,3.5616,51.7608,220.4412,287.7864,87.0511,0.11736,0.100734,20,streaming,0.63,ns2,vegas
vegas,4.7002,48.7169,213.263,273.8754,67.192,0.120075,0.065071,30,streaming,0.45,ns2,vegas
vegas,4.9666,49.9158,198.6709,197.4158,73.0559,0.078072,0.075386,38,sort,0.21,ns2,vegas
vegas,5.0089,51.3844,211.9942,233.9252,88.7006,0.094228,0.078418,14,streaming,0.38,ns2,vegas
vegas,4.6183,42.4353,256.9436,213.3549,90.6714,0.065758,0.067148,42,sort,0.16,ns2,vegas
vegas,5.0827,52.6656,246.0694,206.8058,68.1225,0.114574,0.074961,43,sort,0.25,ns2,vegas
vegas,4.4733,60.752,303.9849,322.5741,77.2392,0.115061,0.103632,22,streaming,0.88,ns2,vegas
vegas,3.6494,51.9394,270.4201,267.0245,89.1028,0.13632,0.0634,11,sort,0.86,ns2,vegas
vegas,3.723,55.0855,269.4541,281.9079,68.1487,0.119488,0.092037,40,io,0.74,ns2,vegas
vegas,4.0208,54.1627,293.2623,248.3818,82.3892,0.105081,0.093789,11,sort,0.65,ns2,vegas
vegas,4.9589,48.3136,259.4102,276.4836,82.4506,0.117513,0.089409,7,streaming,0.62,ns2,vegas
vegas,5.0937,51.4115,238.7456,279.7421,88.4408,0.099944,0.086616,47,io,0.41,ns2,vegas
vegas,4.0003,48.0353,318.0365,239.0856,91.517,0.126859,0.097732,21,streaming,0.92,ns2,vegas
vegas,4.2535,58.8093,216.0458,237.5116,66.5416,0.090761,0.096417,21,sort,0.42,ns2,vegas
vegas,3.623,61.4129,269.0523,252.4691,76.6569,0.094261,0.098647,36,streaming,0.79,ns2,vegas
vegas,3.7477,57.9802,300.0948,321.9694,74.2309,0.093627,0.105846,10,io,0.87,ns2,vegas
vegas,4.356,56.9831,280.2112,233.5295,89.6659,0.099658,0.072563,33,io,0.68,ns2,vegas
vegas,4.5643,54.122,235.084,286.9136,91.1782,0.119986,0.088804,40,streaming,0.91,ns2,vegas
vegas,4.4785,44.6668,212.7344,273.497,91.3461,0.107238,0.094652,14,io,0.58,ns2,vegas
vegas,3.887,47.8949,250.1204,299.0883,86.2411,0.12535,0.096452,44,sort,0.74,ns2,vegas
vegas,3.9879,47.9097,280.9247,232.9148,69.6092,0.12766,0.056425,19,streaming,0.61,ns2,vegas
vegas,3.6156,51.2696,283.2489,246.1936,65.5292,0.089191,0.060075,44,streaming,0.85,ns2,vegas
vegas,4.225,52.9,251.5854,242.5058,89.4349,0.100915,0.082874,29,io,0.53,ns2,vegas
vegas,4.5036,52.9234,291.6665,261.6446,75.6037,0.129436,0.069359,39,sort,0.77,ns2,vegas
vegas,3.9136,56.7539,279.116,220.1493,80.5755,0.07236,0.095971,37,sort,0.42,ns2,vegas
vegas,3.8275,61.2894,270.6757,287.1256,85.7055,0.111147,0.084456,19,sort,0.74,ns2,vegas
vegas,4.902,51.0464,239.3601,257.8497,67.0239,0.124502,0.054755,33,sort,0.52,ns2,vegas
vegas,4.8788,52.577,269.2954,215.4784,75.3147,0.125052,0.068038,21,streaming,0.6,ns2,vegas
vegas,3.2162,60.4843,269.3533,308.4876,68.9896,0.101523,0.095018,24,sort,0.95,ns2,vegas
vegas,3.9933,47.6392,275.9904,254.86,76.8234,0.113281,0.100652,42,sort,0.58,ns2,vegas
vegas,5.3361,41.6393,256.107,246.7733,87.3381,0.068284,0.054301,31,streaming,0.38,ns2,vegas
vegas,3.6316,65.0792,288.2133,314.6872,89.0869,0.073797,0.103425,12,sort,0.76,ns2,vegas
vegas,5.2627,51.2648,274.2364,230.9769,76.8358,0.103427,0.057965,26,streaming,0.4,ns2,vegas
vegas,4.4925,51.3369,256.6735,230.2809,70.4549,0.083282,0.059199,46,io,0.26,ns2,vegas
vegas,4.1122,46.1969,233.4825,296.4493,66.9165,0.103686,0.088992,11,io,0.67,ns2,vegas
vegas,3.9207,44.6499,209.4216,254.3587,81.4283,0.081605,0.052348,16,sort,0.25,ns2,vegas
vegas,4.7213,48.5344,265.3919,197.528,84.7217,0.070404,0.065679,16,sort,0.27,ns2,vegas
vegas,4.4163,63.3017,273.3003,309.4136,77.9097,0.114657,0.107787,12,sort,0.9,ns2,vegas
vegas,4.629,48.5868,285.0942,281.5928,69.9633,0.079652,0.068423,14,io,0.83,ns2,vegas
vegas,4.4275,68.3352,284.7168,273.9819,77.9906,0.084445,0.090622,26,io,1.0,ns2,vegas
vegas,4.2134,54.2668,204.402,226.6848,75.4265,0.11279,0.090427,47,streaming,0.32,ns2,vegas
vegas,3.5104,55.5795,276.2568,248.8579,80.2626,0.10686,0.083369,30,sort,0.74,ns2,vegas
vegas,3.6207,52.1934,258.8718,239.7786,92.1916,0.098826,0.079499,10,sort,0.78,ns2,vegas
vegas,3.7271,53.2454,256.02,233.6042,93.5661,0.112211,0.089773,49,io,0.54,ns2,vegas
vegas,4.3626,39.2596,248.5677,241.9363,81.5197,0.068639,0.06066,8,streaming,0.15,ns2,vegas
vegas,5.0171,50.5301,235.9177,257.5871,88.7437,0.108467,0.075036,37,streaming,0.58,ns2,vegas
vegas,4.3215,55.9872,207.7598,227.3439,78.2567,0.079023,0.064895,25,streaming,0.57,ns2,vegas
vegas,4.8734,47.5704,228.2035,186.9986,76.0894,0.106585,0.052926,23,streaming,0.17,ns2,vegas
vegas,5.2853,52.0734,201.1215,193.0045,76.3305,0.070259,0.083976,30,streaming,0.1,ns2,vegas
vegas,5.1062,47.932,198.1929,255.0181,84.642,0.095813,0.084488,24,streaming,0.14,ns2,vegas
vegas,5.1104,44.1454,242.8844,224.7775,77.0093,0.077228,0.088423,36,sort,0.28,ns2,vegas
vegas,4.8459,47.015,247.2608,231.2058,84.1432,0.075475,0.078395,12,streaming,0.33,ns2,vegas
vegas,4.026,48.0947,197.5221,248.5958,92.5083,0.099291,0.078589,23,io,0.24,ns2,vegas
vegas,4.845,48.1883,272.6325,244.5174,90.5135,0.080218,0.058753,36,io,0.58,ns2,vegas
vegas,5.5493,47.5439,195.3447,209.1527,89.0112,0.072224,0.082499,9,sort,0.28,ns2,vegas
vegas,4.4334,52.8776,225.4284,257.5208,84.1407,0.09043,0.09274,18,sort,0.32,ns2,vegas
vegas,4.1929,64.2767,246.6863,310.0489,91.5504,0.093318,0.067298,46,streaming,0.75,ns2,vegas
vegas,4.3007,42.6204,183.6048,196.8465,70.7345,0.093463,0.065791,33,io,0.15,ns2,vegas
vegas,5.0773,42.6967,191.8873,226.6428,74.26,0.065683,0.050645,38,streaming,0.16,ns2,vegas
vegas,4.6362,56.9667,233.2164,211.9043,90.969,0.108476,0.054974,5,sort,0.58,ns2,vegas
vegas,4.6698,45.8961,226.4745,268.2056,81.3013,0.073343,0.085867,35,io,0.61,ns2,vegas
vegas,3.7261,62.1679,264.2711,322.4257,71.9743,0.107365,0.073426,45,sort,0.94,ns2,vegas
vegas,4.313,58.6864,219.8377,229.8211,86.0893,0.122251,0.071415,21,streaming,0.51,ns2,vegas
vegas,4.2779,56.0888,252.2638,231.5612,76.9158,0.130825,0.103222,30,io,0.89,ns2,vegas
vegas,4.5625,54.4768,215.8941,219.8735,86.16,0.084155,0.065006,28,sort,0.21,ns2,vegas
vegas,4.3694,53.9487,211.0814,216.2015,70.638,0.07557,0.090611,47,sort,0.4,ns2,vegas
vegas,4.6041,57.2428,291.2893,262.2927,83.6006,0.086335,0.065456,11,io,0.81,ns2,vegas
vegas,3.9749,59.2045,274.6539,266.2174,66.6299,0.081337,0.080799,15,io,0.59,ns2,vegas
vegas,4.059,63.0948,213.1511,234.6007,81.4087,0.081001,0.104063,48,sort,0.69,ns2,vegas
vegas,4.4744,54.6148,278.6351,224.1268,74.2296,0.083499,0.090105,36,streaming,0.61,ns2,vegas
vegas,4.6129,51.9139,195.3655,204.538,67.044,0.06555,0.092106,8,sort,0.38,ns2,vegas
vegas,4.2297,57.1575,210.8342,210.4509,71.2688,0.111436,0.067932,25,streaming,0.4,ns2,vegas
vegas,4.1953,57.4069,233.7273,220.863,81.2511,0.122939,0.06273,31,io,0.63,ns2,vegas
vegas,4.6609,48.0435,232.496,242.8876,73.2208,0.10527,0.059193,12,sort,0.21,ns2,vegas
vegas,4.7607,46.6523,215.1996,299.076,78.7025,0.099706,0.093851,42,streaming,0.7,ns2,vegas
vegas,4.7662,56.5535,229.7227,302.079,92.9369,0.128927,0.084604,26,io,0.72,ns2,vegas
vegas,3.2396,51.2864,259.0638,273.756,69.4511,0.141763,0.102806,47,io,0.99,ns2,vegas
vegas,4.4052,51.7406,264.0366,197.0052,82.4221,0.105089,0.050573,42,sort,0.28,ns2,vegas
vegas,4.2102,46.6147,243.0847,289.4953,91.048,0.067703,0.067593,15,streaming,0.48,ns2,vegas
vegas,5.2692,42.1444,256.7278,209.1251,72.9806,0.110729,0.074717,47,streaming,0.15,ns2,vegas
vegas,4.0581,52.5946,252.9539,184.2169,81.5878,0.075769,0.056363,35,sort,0.17,ns2,vegas
vegas,4.7939,46.3717,228.2527,232.022,79.8404,0.121412,0.071541,50,streaming,0.44,ns2,vegas
vegas,4.877,51.0335,235.8526,221.1918,91.3077,0.11613,0.055751,47,io,0.41,ns2,vegas
vegas,4.4628,48.0116,237.3936,305.8099,72.1257,0.086596,0.063495,41,sort,0.92,ns2,vegas
vegas,4.5386,46.461,220.0182,302.0611,90.0717,0.11191,0.066384,45,streaming,0.82,ns2,vegas
vegas,4.0367,55.1617,294.1807,294.6438,66.781,0.085242,0.108904,10,io,0.97,ns2,vegas
vegas,5.4921,39.3663,250.3682,208.8495,66.6045,0.066394,0.063388,38,sort,0.27,ns2,vegas
vegas,5.0785,47.8457,243.4088,228.4908,86.1061,0.093696,0.086426,33,streaming,0.27,ns2,vegas
vegas,4.0093,56.1083,207.2723,262.5081,81.6388,0.072251,0.055016,9,streaming,0.27,ns2,vegas
vegas,5.1603,43.2289,217.9911,259.0032,73.6639,0.08413,0.077036,18,io,0.27,ns2,vegas
vegas,4.8,51.7328,255.4009,288.2611,72.3749,0.109279,0.056038,9,io,0.48,ns2,vegas
vegas,3.6584,56.8912,240.0982,266.8896,90.8866,0.093398,0.099333,48,sort,0.54,ns2,vegas
vegas,5.3408,53.4807,235.7004,232.8725,92.6222,0.089808,0.078384,25,sort,0.18,ns2,vegas
vegas,4.8762,49.2251,226.5522,247.9426,80.7942,0.109733,0.064051,15,sort,0.51,ns2,vegas
vegas,4.7707,52.2004,203.3652,244.9826,92.2192,0.080144,0.083124,34,io,0.14,ns2,vegas
vegas,4.7607,49.5061,283.6192,282.378,87.7285,0.088867,0.09354,14,streaming,0.51,ns2,vegas
vegas,4.3467,56.6728,275.5453,214.3946,92.243,0.078238,0.053516,35,streaming,0.46,ns2,vegas
vegas,4.2653,47.2635,196.1507,255.1507,89.604,0.075965,0.057081,43,io,0.23,ns2,vegas
vegas,3.996,62.3444,260.437,282.7123,75.2848,0.0783,0.104325,50,io,0.75,ns2,vegas
vegas,3.7965,52.293,245.0564,224.8441,79.2087,0.122625,0.08307,26,io,0.53,ns2,vegas
vegas,4.3635,56.2785,264.9151,263.6159,74.9337,0.092632,0.089271,13,sort,0.67,ns2,vegas
vegas,3.7862,49.4376,231.1458,217.5512,74.5075,0.078447,0.091374,25,io,0.43,ns2,vegas
vegas,4.6171,55.1754,262.8989,244.9696,70.7356,0.077822,0.071626,45,io,0.67,ns2,vegas
vegas,4.5636,55.4323,280.5776,233.887,81.2915,0.121976,0.070207,11,streaming,0.62,ns2,vegas
vegas,4.6641,43.0637,238.9435,253.4825,90.6655,0.119788,0.064611,33,streaming,0.45,ns2,vegas
vegas,4.9336,46.6215,208.9231,275.0585,66.8627,0.079669,0.081165,25,streaming,0.45,ns2,vegas
vegas,4.4783,43.8425,218.1029,226.527,93.3658,0.098948,0.076099,46,sort,0.42,ns2,vegas
vegas,4.9031,44.4005,190.7382,263.0567,80.1528,0.089024,0.060311,29,sort,0.27,ns2,vegas
vegas,4.1034,45.7217,224.1585,204.8428,83.6003,0.090343,0.069872,14,streaming,0.48,ns2,vegas
vegas,4.4859,53.218,266.0212,213.1306,73.001,0.082563,0.085753,34,io,0.5,ns2,vegas
vegas,3.9773,57.4144,201.5873,269.2276,80.9847,0.084187,0.065001,29,sort,0.36,ns2,vegas
vegas,4.1692,49.6614,221.6186,266.0275,86.9349,0.106713,0.070298,41,sort,0.6,ns2,vegas
vegas,4.1425,49.5108,188.3207,186.6166,67.1166,0.067296,0.068997,50,sort,0.14,ns2,vegas
vegas,5.4574,45.7162,222.2859,255.1643,79.2645,0.092383,0.073024,46,io,0.31,ns2,vegas
vegas,3.5243,62.8059,296.1146,266.2271,68.4715,0.129992,0.071432,20,sort,0.81,ns2,vegas
vegas,5.0165,38.6508,244.7097,200.1695,66.3869,0.070976,0.057341,14,sort,0.15,ns2,vegas
vegas,3.8658,54.849,302.483,299.7354,65.7249,0.125842,0.086434,47,streaming,0.96,ns2,vegas
vegas,4.1769,46.0492,269.3211,238.1582,81.8478,0.072016,0.091708,42,io,0.74,ns2,vegas
vegas,4.5027,50.5501,243.7417,280.8282,91.3605,0.12216,0.074057,40,sort,0.89,ns2,vegas
vegas,3.9306,45.1214,248.2545,229.1874,74.532,0.080199,0.057812,23,io,0.44,ns2,vegas
vegas,4.5484,54.4477,245.1435,240.4694,70.4625,0.069361,0.090527,18,io,0.51,ns2,vegas
vegas,5.1088,44.5953,242.8409,207.9592,82.1488,0.078579,0.069723,46,sort,0.28,ns2,vegas
vegas,4.7865,60.6225,229.0549,215.5021,65.5276,0.119732,0.097262,18,sort,0.66,ns2,vegas
vegas,4.1596,49.0036,290.089,261.1314,69.9024,0.096333,0.08028,23,sort,0.55,ns2,vegas
vegas,4.5294,51.3128,277.9147,309.6427,89.5716,0.112024,0.101556,22,sort,0.82,ns2,vegas
vegas,3.8087,63.0729,321.2446,240.2007,75.7049,0.11742,0.110789,28,io,0.94,ns2,vegas
vegas,5.1517,43.0007,182.5734,193.0234,69.2323,0.083721,0.086585,18,io,0.17,ns2,vegas
vegas,5.2411,50.0767,184.6351,261.7451,78.8081,0.06171,0.052367,20,sort,0.21,ns2,vegas
vegas,4.693,47.4163,202.1495,254.5867,66.9846,0.106681,0.063471,30,sort,0.51,ns2,vegas
vegas,3.4483,53.392,255.5143,232.9474,65.5536,0.125571,0.088738,22,streaming,0.71,ns2,vegas
vegas,4.0722,61.1839,216.2302,244.2041,90.1241,0.085984,0.07925,5,sort,0.74,ns2,vegas
vegas,4.339,66.3486,273.3679,331.8581,79.1521,0.092023,0.106102,8,streaming,1.0,ns2,vegas
vegas,4.7533,48.5401,230.8439,208.985,84.0184,0.084321,0.075341,14,streaming,0.36,ns2,vegas
vegas,4.2976,43.9372,227.0229,237.177,75.1151,0.080751,0.087702,36,sort,0.39,ns2,vegas
vegas,3.9297,53.3767,268.2226,300.3537,74.6964,0.092796,0.079488,39,io,0.71,ns2,vegas
vegas,4.5023,54.1155,311.9483,324.5119,69.3242,0.096163,0.091775,15,streaming,0.88,ns2,vegas
vegas,3.4452,63.7046,241.7544,294.9021,67.5128,0.100821,0.065036,37,sort,0.87,ns2,vegas
vegas,3.6719,43.4293,289.0444,269.9831,69.8865,0.081902,0.088231,26,sort,0.59,ns2,vegas
vegas,4.709,57.6651,250.5925,241.6569,83.9695,0.090321,0.080792,31,io,0.54,ns2,vegas
vegas,3.7188,57.7193,227.282,283.0267,86.7286,0.114871,0.100534,37,streaming,0.72,ns2,vegas
vegas,3.4993,47.7317,309.9626,246.7211,76.7942,0.124942,0.08574,11,io,0.82,ns2,vegas
vegas,3.202,48.6938,239.1807,250.47,87.3795,0.08063,0.073992,12,streaming,0.96,ns2,vegas
vegas,4.6824,42.1541,250.4123,232.7593,75.9013,0.083651,0.081278,35,io,0.48,ns2,vegas
vegas,3.4948,53.9355,212.6486,243.8964,66.0621,0.112318,0.09758,29,sort,0.67,ns2,vegas
vegas,3.9447,57.5533,299.9705,312.5195,84.7694,0.134084,0.076761,36,streaming,0.78,ns2,vegas
vegas,4.0209,56.6817,224.2116,290.7438,85.6496,0.129597,0.080469,26,streaming,0.78,ns2,vegas
vegas,3.87,45.3647,253.2062,264.7484,71.3702,0.085395,0.050977,13,io,0.32,ns2,vegas
vegas,4.6613,61.8729,247.809,258.0473,78.4268,0.110827,0.073965,39,sort,0.63,ns2,vegas
vegas,3.7915,46.9237,258.7984,231.5282,78.0991,0.12221,0.058387,43,streaming,0.69,ns2,vegas
vegas,4.8394,58.3576,200.11,239.1835,72.2997,0.086267,0.084879,46,streaming,0.4,ns2,vegas
vegas,3.2735,51.2067,257.5754,297.0658,89.3672,0.089683,0.082849,49,io,0.91,ns2,vegas
vegas,3.3194,50.8394,300.1336,326.9744,81.2764,0.104241,0.079681,49,streaming,0.95,ns2,vegas
vegas,4.4516,54.9054,254.4238,212.365,78.7266,0.082483,0.078694,32,sort,0.49,ns2,vegas
vegas,4.4797,53.6947,207.3512,214.9455,91.477,0.106553,0.083965,12,streaming,0.16,ns2,vegas
vegas,5.0902,48.3136,211.4472,259.1876,75.8556,0.072494,0.050037,47,streaming,0.12,ns2,vegas
vegas,4.071,39.9859,202.3117,214.4447,86.5375,0.08298,0.065581,37,io,0.27,ns2,vegas
vegas,4.0597,51.5242,268.9326,252.0525,88.3922,0.092967,0.070578,35,streaming,0.81,ns2,vegas
vegas,4.2501,55.9796,239.2883,239.924,80.9978,0.11251,0.101633,9,streaming,0.82,ns2,vegas
vegas,5.4026,41.2698,244.6391,226.2418,93.4969,0.065179,0.05602,45,streaming,0.23,ns2,vegas
vegas,3.8556,50.2854,241.26,226.3779,77.531,0.126393,0.096646,6,sort,0.78,ns2,vegas
vegas,5.457,46.0423,235.2651,261.5731,86.5938,0.068947,0.07594,37,sort,0.27,ns2,vegas
vegas,4.4529,60.4655,247.1991,280.0843,79.3983,0.079593,0.090584,31,sort,0.9,ns2,vegas
vegas,5.2585,50.8387,240.0245,185.952,73.1108,0.074392,0.074699,26,streaming,0.16,ns2,vegas
vegas,4.7504,56.9392,263.8067,235.9138,79.1309,0.105823,0.08827,42,sort,0.37,ns2,vegas
vegas,4.2703,58.2206,267.0987,262.3707,67.7773,0.101335,0.07386,38,sort,0.73,ns2,vegas
vegas,3.8326,49.3065,233.3841,239.6392,79.8672,0.088497,0.099158,20,streaming,0.65,ns2,vegas
vegas,4.9819,47.2784,236.4737,272.6184,73.1432,0.104312,0.086852,17,io,0.61,ns2,vegas
vegas,4.4866,59.7514,235.0227,287.829,85.5641,0.106975,0.068239,34,streaming,0.79,ns2,vegas
vegas,3.6605,57.6086,233.2086,233.6952,82.2882,0.106731,0.071341,46,streaming,0.62,ns2,vegas
vegas,3.6357,56.2564,245.395,279.4408,80.5507,0.082584,0.089195,21,io,0.83,ns2,vegas
vegas,5.3606,55.1873,182.4672,201.2104,91.9019,0.10944,0.067778,40,io,0.21,ns2,vegas
vegas,4.2502,51.9556,231.5389,302.5586,83.146,0.098484,0.06064,32,io,0.63,ns2,vegas
vegas,3.8862,43.8232,262.1744,287.9437,66.348,0.06973,0.057461,39,streaming,0.45,ns2,vegas
vegas,5.3283,52.3022,207.0791,269.5465,81.3851,0.064102,0.065567,44,streaming,0.34,ns2,vegas
vegas,3.9881,49.9705,272.7726,273.5716,72.806,0.105776,0.098803,14,io,0.75,ns2,vegas
vegas,4.6368,41.0106,239.3626,245.6198,70.9864,0.090408,0.086045,10,sort,0.12,ns2,vegas
vegas,4.9916,48.7693,250.1636,219.0508,89.3628,0.082037,0.076911,15,sort,0.61,ns2,vegas
vegas,3.6154,47.3439,289.3771,271.4723,89.8066,0.12924,0.082705,19,streaming,0.9,ns2,vegas
vegas,4.6897,45.7522,192.9592,256.5466,89.5117,0.099528,0.049404,22,streaming,0.19,ns2,vegas
vegas,4.6948,53.0938,229.2719,216.9495,79.4527,0.095271,0.085735,43,sort,0.28,ns2,vegas
vegas,5.0541,49.8287,243.5921,221.5879,87.7229,0.073435,0.063327,30,streaming,0.28,ns2,vegas
vegas,4.2586,44.3996,240.8278,234.4239,65.8685,0.114883,0.061684,49,sort,0.35,ns2,vegas
vegas,5.4272,44.3786,206.371,213.3123,79.2216,0.097177,0.085348,10,sort,0.16,ns2,vegas
vegas,3.9805,48.8595,286.0687,245.5191,69.9964,0.115278,0.082699,43,io,0.49,ns2,vegas
vegas,4.8302,61.8075,237.0667,277.984,67.7483,0.122045,0.059029,49,streaming,0.58,ns2,vegas
vegas,3.6235,61.2696,246.4449,236.5864,89.7381,0.085191,0.098214,19,io,0.6,ns2,vegas
vegas,4.4711,46.0902,205.7838,206.2898,83.9046,0.110649,0.096213,16,streaming,0.47,ns2,vegas
vegas,5.3218,56.3282,211.0158,264.0914,70.7644,0.103031,0.054128,11,io,0.36,ns2,vegas
vegas,4.6766,53.9313,236.1513,225.1155,70.2934,0.09264,0.058994,5,streaming,0.34,ns2,vegas
vegas,4.9846,50.0174,194.7379,240.3758,66.8005,0.072035,0.053793,14,streaming,0.39,ns2,vegas
vegas,4.4866,63.9026,276.8312,253.1291,72.2066,0.085087,0.064759,20,streaming,0.86,ns2,vegas
vegas,5.1907,40.1965,215.1888,188.2889,78.358,0.104051,0.078103,30,sort,0.25,ns2,vegas
vegas,4.1226,53.5014,292.3794,296.414,75.301,0.104467,0.088895,30,sort,0.6,ns2,vegas
vegas,4.6957,49.1113,297.8137,232.8248,66.2159,0.076933,0.107271,24,sort,0.78,ns2,vegas
vegas,4.6291,43.4647,183.5108,224.8012,86.6425,0.071987,0.080901,14,io,0.2,ns2,vegas
vegas,4.8584,56.0976,256.4369,230.4835,72.1695,0.067707,0.063812,33,sort,0.5,ns2,vegas
vegas,4.5786,48.2415,262.7579,232.4073,77.0712,0.066153,0.09187,45,io,0.33,ns2,vegas
vegas,3.7192,54.9928,315.2676,319.2316,90.1276,0.080431,0.075501,37,io,0.93,ns2,vegas
vegas,4.9374,60.0597,248.8235,242.0462,70.7099,0.123122,0.062844,11,streaming,0.6,ns2,vegas
vegas,4.8922,39.8134,224.428,238.803,75.7969,0.084943,0.063144,44,sort,0.23,ns2,vegas
vegas,4.1114,49.1791,270.5771,256.5932,90.4544,0.11051,0.073479,37,sort,0.51,ns2,vegas
vegas,5.3549,46.8578,182.6574,257.8102,91.8683,0.078586,0.074375,33,sort,0.13,ns2,vegas
vegas,3.7381,48.3463,301.5553,228.3529,76.1581,0.09631,0.05965,24,sort,0.76,ns2,vegas
vegas,4.4334,46.5898,208.5253,244.8515,69.5129,0.086603,0.057481,18,streaming,0.11,ns2,vegas
vegas,4.3925,37.7581,231.6913,240.9604,71.4428,0.104847,0.053678,48,streaming,0.1,ns2,vegas
vegas,4.6113,57.9423,232.3525,271.7618,75.8212,0.09473,0.098377,41,streaming,0.54,ns2,vegas
vegas,4.0099,56.1717,253.0876,271.0584,89.076,0.103539,0.087209,43,sort,0.6,ns2,vegas
vegas,3.6375,46.4607,263.6941,253.7767,79.7332,0.1039,0.094369,30,streaming,0.8,ns2,vegas
vegas,4.5612,52.0965,186.9647,193.9685,71.5725,0.09989,0.083898,20,sort,0.15,ns2,vegas
vegas,5.0428,55.4676,245.3513,241.8136,76.6148,0.09979,0.067512,20,streaming,0.52,ns2,vegas
vegas,5.5228,50.4101,247.4072,264.7788,66.8021,0.083251,0.067712,31,io,0.25,ns2,vegas
vegas,4.0983,49.5184,228.5935,249.1944,93.7238,0.12095,0.072206,18,streaming,0.53,ns2,vegas
vegas,4.1096,52.8857,211.4474,215.1143,74.5344,0.087277,0.056524,10,streaming,0.46,ns2,vegas
vegas,4.0179,47.0565,218.7014,190.7886,92.9302,0.101829,0.074858,8,sort,0.17,ns2,vegas
vegas,4.1573,41.8998,240.6614,232.4478,91.443,0.094011,0.073842,10,streaming,0.1,ns2,vegas
vegas,4.6294,38.2974,223.5674,260.2785,82.7526,0.101493,0.055498,15,io,0.14,ns2,vegas
vegas,3.3633,59.7539,284.6691,281.3191,88.9742,0.093264,0.063325,43,io,0.91,ns2,vegas
vegas,4.1634,61.3097,231.0768,286.2931,84.8891,0.076218,0.102691,47,streaming,0.87,ns2,vegas
vegas,5.2862,45.1966,225.8421,212.5098,85.3648,0.082995,0.083585,20,io,0.25,ns2,vegas
vegas,4.265,50.4033,262.3026,291.1027,66.2268,0.076654,0.102178,14,io,0.81,ns2,vegas
vegas,4.1828,50.6026,204.1289,212.2406,74.3286,0.073221,0.068674,31,io,0.2,ns2,vegas
vegas,5.1094,49.9044,240.5511,210.4783,85.4636,0.107757,0.076198,28,sort,0.21,ns2,vegas
vegas,4.5045,39.7558,251.9489,253.8294,76.3203,0.104436,0.068815,30,streaming,0.24,ns2,vegas
vegas,3.9512,62.6628,289.499,291.5079,84.0128,0.13291,0.095991,49,io,0.81,ns2,vegas
vegas,5.497,46.4741,225.514,271.6737,69.4134,0.109276,0.059961,43,streaming,0.27,ns2,vegas
vegas,4.9688,56.4041,239.7229,276.4612,83.2441,0.109094,0.091404,28,io,0.55,ns2,vegas
vegas,4.5064,55.7647,236.1662,215.6904,74.6882,0.101332,0.084524,37,streaming,0.4,ns2,vegas
vegas,5.2516,57.8988,241.8342,246.5834,77.6187,0.115678,0.086004,34,io,0.35,ns2,vegas
vegas,3.9203,59.5576,303.2615,236.7362,74.6907,0.102783,0.093704,9,sort,0.97,ns2,vegas
vegas,5.0325,59.6856,255.1812,226.155,74.1921,0.101492,0.074651,24,io,0.53,ns2,vegas
vegas,4.3749,61.1523,280.3886,267.4316,65.2965,0.089475,0.071199,33,streaming,0.9,ns2,vegas
vegas,4.5323,56.7396,255.2971,215.6424,88.477,0.092754,0.068582,37,streaming,0.32,ns2,vegas
cubic,3.533,43.7841,46.5299,58.3028,3.7646,0.002882,0.001476,47,sort,0.88,iperf3,cubic
cubic,3.8965,44.4453,44.4003,56.2568,3.9684,0.002253,0.001168,32,streaming,0.6,iperf3,cubic
cubic,3.5876,33.4687,34.6222,52.5758,4.8635,0.001444,0.001262,21,sort,0.17,iperf3,cubic
cubic,3.2081,32.5941,38.0509,57.8394,4.1822,0.002032,0.001632,9,io,0.47,iperf3,cubic
cubic,4.4799,37.9977,33.2222,41.2453,4.9405,0.00212,0.001826,16,streaming,0.17,iperf3,cubic
cubic,3.6815,34.0555,45.7903,46.5397,4.5075,0.0018,0.001556,10,io,0.2,iperf3,cubic
cubic,3.4532,35.0454,38.9216,57.1982,4.8543,0.002433,0.001674,10,streaming,0.42,iperf3,cubic
cubic,2.7067,37.6699,57.3456,58.665,4.4557,0.002879,0.00198,6,streaming,0.99,iperf3,cubic
cubic,4.0423,35.5211,48.5214,54.0307,4.3324,0.001558,0.00167,35,io,0.41,iperf3,cubic
cubic,3.4964,47.7759,53.2525,61.6902,5.1913,0.002547,0.001804,34,sort,0.8,iperf3,cubic
cubic,3.442,42.163,36.8457,44.1687,4.6048,0.001399,0.001732,28,sort,0.45,iperf3,cubic
cubic,3.6795,32.4447,44.1766,52.5413,3.8986,0.001597,0.001707,12,io,0.68,iperf3,cubic
cubic,3.4178,45.8204,50.446,49.4738,4.6921,0.001495,0.001997,25,io,0.63,iperf3,cubic
cubic,4.1977,32.7648,47.9606,40.129,4.1671,0.002419,0.001184,21,sort,0.32,iperf3,cubic
cubic,2.9821,46.2992,57.8964,65.0099,4.2699,0.002196,0.00201,31,streaming,0.83,iperf3,cubic
cubic,3.7671,35.6796,45.0741,51.7058,4.6564,0.002146,0.001301,11,io,0.12,iperf3,cubic
cubic,2.907,37.0071,52.7796,59.4981,3.8093,0.001669,0.001623,40,io,0.98,iperf3,cubic
cubic,3.6508,41.275,50.0281,58.5115,4.1623,0.002236,0.001524,30,streaming,0.78,iperf3,cubic
cubic,3.0603,46.0794,41.5405,51.4699,4.8798,0.001696,0.001312,42,streaming,0.78,iperf3,cubic
cubic,3.3776,36.5961,38.1755,38.1611,3.9386,0.002224,0.001742,20,io,0.1,iperf3,cubic
cubic,3.5016,38.7882,43.3787,39.0223,4.9948,0.00177,0.001639,13,streaming,0.17,iperf3,cubic
cubic,3.8602,40.7121,34.1364,47.1115,4.1237,0.002177,0.001725,17,sort,0.25,iperf3,cubic
cubic,2.9584,33.9269,48.1696,45.4602,4.535,0.001835,0.001526,42,streaming,0.54,iperf3,cubic
cubic,3.3161,33.7304,50.2017,43.2946,4.3611,0.002158,0.001583,12,sort,0.47,iperf3,cubic
cubic,3.9215,39.5143,45.5857,55.5569,4.6197,0.00253,0.001343,50,streaming,0.46,iperf3,cubic
cubic,4.3408,36.1549,42.7056,39.1044,4.0345,0.002276,0.001491,46,streaming,0.14,iperf3,cubic
cubic,4.2487,28.923,36.1191,42.3273,3.9153,0.002126,0.001756,28,streaming,0.29,iperf3,cubic
cubic,3.5191,36.4284,39.9032,51.715,5.0684,0.001523,0.001444,17,io,0.39,iperf3,cubic
cubic,2.8984,41.5166,45.9482,47.1344,3.6868,0.002179,0.001313,8,sort,0.88,iperf3,cubic
cubic,3.0417,39.1873,55.2007,47.542,4.1334,0.002066,0.001225,38,sort,0.77,iperf3,cubic
cubic,3.7454,35.3457,39.5857,48.4382,4.1274,0.001771,0.001342,15,io,0.16,iperf3,cubic
cubic,4.0405,31.1914,40.9735,50.7095,4.0357,0.002561,0.001624,14,io,0.53,iperf3,cubic
cubic,3.7284,31.0443,34.9589,51.9578,4.5167,0.001613,0.001372,9,sort,0.2,iperf3,cubic
cubic,3.1237,35.6301,51.5541,57.022,4.7624,0.002135,0.001765,38,streaming,0.61,iperf3,cubic
cubic,3.1484,42.6751,44.2893,47.1662,4.9241,0.002623,0.001719,26,sort,0.93,iperf3,cubic
cubic,3.5884,35.6847,42.6547,43.2493,4.807,0.001519,0.001154,30,streaming,0.1,iperf3,cubic
cubic,3.4357,37.619,45.5375,55.9465,5.1209,0.001897,0.00206,27,sort,0.7,iperf3,cubic
cubic,3.5784,37.5491,44.0454,51.9588,4.7968,0.001533,0.001992,19,streaming,0.52,iperf3,cubic
cubic,3.2092,35.9107,52.4414,42.3567,4.7826,0.002548,0.00153,13,streaming,0.47,iperf3,cubic
cubic,3.4018,30.0677,38.5063,54.6314,4.3432,0.002434,0.001633,33,streaming,0.3,iperf3,cubic
cubic,2.995,37.9353,43.3874,62.7955,4.9606,0.00229,0.001931,20,streaming,0.9,iperf3,cubic
cubic,3.669,29.3756,43.7619,48.7672,5.1791,0.001773,0.001849,31,sort,0.14,iperf3,cubic
cubic,2.7066,43.1579,57.9798,52.0469,4.3723,0.002037,0.001638,33,streaming,0.9,iperf3,cubic
cubic,2.8663,32.9556,48.3658,43.0638,4.1268,0.001655,0.001309,7,streaming,0.6,iperf3,cubic
cubic,3.6897,35.9455,44.831,45.8531,4.4084,0.002309,0.00124,18,streaming,0.76,iperf3,cubic
cubic,4.0726,35.7326,46.9317,55.3921,3.939,0.001815,0.001258,7,io,0.43,iperf3,cubic
cubic,3.9039,37.2169,39.1065,45.3487,3.8002,0.001944,0.001574,49,sort,0.58,iperf3,cubic
cubic,3.4868,44.2856,56.1646,56.1312,5.1382,0.002319,0.002246,42,io,0.83,iperf3,cubic
cubic,2.7196,50.6,52.1103,59.3426,5.2233,0.002191,0.001957,33,io,0.99,iperf3,cubic
cubic,3.8685,41.2165,47.4852,54.069,3.9991,0.001676,0.001778,34,io,0.35,iperf3,cubic
cubic,2.7153,45.2025,58.0081,51.4811,4.8138,0.002867,0.001387,35,sort,0.93,iperf3,cubic
cubic,3.7061,40.1307,38.5364,50.2299,4.5532,0.001658,0.001226,8,sort,0.46,iperf3,cubic
cubic,3.5503,32.2517,46.3509,43.7137,4.5306,0.001539,0.001395,40,sort,0.56,iperf3,cubic
cubic,3.2469,34.1572,46.1324,40.2689,4.9589,0.00205,0.001105,14,streaming,0.22,iperf3,cubic
cubic,3.3001,41.103,39.9439,57.8958,4.4269,0.002324,0.002173,26,streaming,0.66,iperf3,cubic
cubic,4.4061,36.5609,42.6599,50.773,4.8507,0.001334,0.001136,45,streaming,0.13,iperf3,cubic
cubic,3.6565,38.6077,51.7807,51.3306,5.1275,0.002262,0.001221,45,streaming,0.63,iperf3,cubic
cubic,2.7298,35.3485,45.9751,52.2274,3.868,0.002699,0.001881,23,sort,0.77,iperf3,cubic
cubic,3.8113,31.0087,45.1903,48.6278,4.1461,0.001923,0.001763,14,streaming,0.33,iperf3,cubic
cubic,3.8363,38.3273,38.8796,46.3513,4.5016,0.00182,0.001079,8,io,0.26,iperf3,cubic
cubic,4.6051,31.4799,41.4568,37.8698,4.852,0.001522,0.001112,29,io,0.1,iperf3,cubic
cubic,3.3367,42.7946,46.5777,61.3976,4.2793,0.001507,0.001465,15,streaming,0.61,iperf3,cubic
cubic,3.5246,41.6708,40.9386,54.6104,4.3393,0.001845,0.001856,44,io,0.81,iperf3,cubic
cubic,3.2744,45.4596,50.7826,57.2475,5.2225,0.0025,0.001674,13,sort,0.6,iperf3,cubic
cubic,4.3933,38.7797,45.6228,41.3246,4.5363,0.002216,0.001795,5,io,0.16,iperf3,cubic
cubic,3.413,40.1987,37.782,55.8523,4.4876,0.002396,0.001538,29,sort,0.34,iperf3,cubic
cubic,3.3438,33.9126,44.2336,47.555,3.7878,0.002404,0.001843,23,streaming,0.75,iperf3,cubic
cubic,3.3952,42.6781,52.2747,52.4965,3.9382,0.001818,0.001637,50,sort,0.75,iperf3,cubic
cubic,4.1996,34.6238,36.8927,43.0986,4.9399,0.001373,0.001794,29,sort,0.22,iperf3,cubic
cubic,3.5671,33.9705,46.891,52.8806,5.0822,0.00139,0.001444,19,sort,0.36,iperf3,cubic
cubic,3.1193,42.8763,44.686,63.2791,5.1552,0.001535,0.001291,29,io,0.75,iperf3,cubic
cubic,4.1737,36.2389,50.4519,49.2271,5.163,0.001376,0.001289,11,io,0.38,iperf3,cubic
cubic,3.8929,36.8789,49.1868,45.4548,4.8546,0.001528,0.00167,49,sort,0.43,iperf3,cubic
cubic,3.7341,31.0569,42.3399,53.4139,4.1529,0.001478,0.001192,27,sort,0.16,iperf3,cubic
cubic,3.4887,32.5165,44.9461,45.2457,4.0405,0.001461,0.001134,11,sort,0.27,iperf3,cubic
cubic,3.3506,43.3064,53.1134,55.0156,4.6622,0.001756,0.001811,45,io,0.74,iperf3,cubic
cubic,3.0061,38.4143,44.6887,48.3938,5.1082,0.002579,0.001929,10,io,0.71,iperf3,cubic
cubic,3.4483,42.1935,59.1189,67.119,3.8359,0.002882,0.002195,40,sort,0.93,iperf3,cubic
cubic,3.777,33.138,42.7918,60.5644,5.2939,0.001543,0.001314,31,sort,0.75,iperf3,cubic
cubic,4.3854,34.3424,33.698,49.0849,4.2215,0.001969,0.001454,23,streaming,0.2,iperf3,cubic
cubic,2.7869,44.5706,47.9758,45.7076,4.6858,0.001825,0.001623,27,sort,0.84,iperf3,cubic
cubic,3.292,35.5538,45.6972,52.4476,4.7153,0.001914,0.001122,23,streaming,0.22,iperf3,cubic
cubic,3.8262,33.1838,35.0104,41.3169,5.2934,0.001536,0.001788,15,io,0.3,iperf3,cubic
cubic,3.2501,37.0853,46.195,52.6893,4.2277,0.001694,0.001549,7,sort,0.95,iperf3,cubic
cubic,3.0817,40.2826,46.3963,58.8033,5.0228,0.002305,0.001996,26,sort,0.73,iperf3,cubic
cubic,3.6765,41.2076,46.0571,47.9659,3.837,0.002165,0.001442,6,io,0.31,iperf3,cubic
cubic,3.5675,35.5769,57.8714,54.3266,4.3249,0.00241,0.002157,6,streaming,0.94,iperf3,cubic
cubic,3.5548,34.4729,48.1308,42.59,3.9656,0.001637,0.001952,27,sort,0.45,iperf3,cubic
cubic,3.9887,29.6717,41.2285,44.9717,5.0517,0.001709,0.001485,14,io,0.15,iperf3,cubic
cubic,3.8004,36.2546,54.9016,45.6167,4.1733,0.002165,0.001972,33,sort,0.66,iperf3,cubic
cubic,3.0276,40.4456,51.8863,56.0565,5.1265,0.001705,0.001269,19,io,0.8,iperf3,cubic
cubic,3.6481,33.0973,50.1712,52.3123,4.8036,0.002242,0.001229,28,sort,0.68,iperf3,cubic
cubic,3.3341,47.6037,47.5293,51.3015,3.7074,0.002976,0.002377,42,sort,0.99,iperf3,cubic
cubic,3.5364,44.1737,51.5449,58.0317,4.9211,0.002294,0.001627,47,io,0.83,iperf3,cubic
cubic,3.8917,39.3173,46.9714,51.6176,4.9121,0.00233,0.001159,38,sort,0.37,iperf3,cubic
cubic,4.0806,36.9844,45.2744,49.7451,3.9194,0.001997,0.001348,37,sort,0.37,iperf3,cubic
cubic,3.3129,49.0715,44.7573,49.9583,3.9896,0.001817,0.002093,19,sort,0.9,iperf3,cubic
cubic,4.0837,34.9409,44.0048,56.4166,3.7704,0.002057,0.001094,40,streaming,0.36,iperf3,cubic
cubic,3.7046,37.1722,43.9628,58.1535,4.7195,0.001623,0.001339,40,io,0.53,iperf3,cubic
cubic,2.8282,44.1005,47.7662,60.6877,5.1494,0.002475,0.00225,38,sort,0.95,iperf3,cubic
cubic,4.244,38.4198,48.2502,51.7342,5.1322,0.002338,0.001806,12,sort,0.22,iperf3,cubic
cubic,3.1846,41.7907,42.6743,64.1239,4.9493,0.002159,0.002119,39,sort,0.98,iperf3,cubic
cubic,3.5413,33.954,48.5993,55.1053,4.2391,0.002292,0.002133,18,io,0.71,iperf3,cubic
cubic,4.4777,28.2611,44.3664,50.7419,4.9209,0.002092,0.001255,26,io,0.11,iperf3,cubic
cubic,2.8326,38.0599,47.0589,58.6501,4.0708,0.002695,0.001623,37,streaming,0.98,iperf3,cubic
cubic,4.2149,39.8856,37.5789,52.4572,3.6835,0.002096,0.001536,43,streaming,0.34,iperf3,cubic
cubic,3.0437,30.9538,49.5407,54.4712,4.4964,0.001468,0.001735,44,io,0.45,iperf3,cubic
cubic,3.0713,30.6271,43.99,50.9749,4.1333,0.001699,0.001651,25,streaming,0.4,iperf3,cubic
cubic,4.3674,37.8636,40.5018,51.2615,5.2166,0.001943,0.001541,8,io,0.15,iperf3,cubic
cubic,3.4642,36.9979,55.2986,53.2901,4.6499,0.002015,0.001268,33,streaming,0.76,iperf3,cubic
cubic,3.0664,47.3842,53.3919,58.5367,4.2388,0.002315,0.001353,36,sort,0.9,iperf3,cubic
cubic,3.8139,46.3503,56.6437,55.5809,5.1892,0.001591,0.002007,6,io,0.75,iperf3,cubic
cubic,3.8279,33.8116,51.8729,44.4893,4.4155,0.001489,0.001232,25,sort,0.46,iperf3,cubic
cubic,3.2555,41.9862,42.2663,48.7189,5.1806,0.00191,0.001285,15,streaming,0.42,iperf3,cubic
cubic,3.4714,32.6219,41.0734,58.535,4.0666,0.002143,0.001874,13,streaming,0.71,iperf3,cubic
cubic,3.6306,35.541,39.0116,45.6623,3.802,0.002215,0.001413,21,sort,0.52,iperf3,cubic
cubic,3.9934,43.9789,43.6797,45.6977,4.3213,0.002091,0.002134,11,sort,0.63,iperf3,cubic
cubic,4.2049,33.7665,40.0103,45.8317,3.8461,0.001959,0.00122,14,io,0.49,iperf3,cubic
cubic,3.5004,44.5501,44.4391,50.3275,3.7045,0.00179,0.001357,36,sort,0.91,iperf3,cubic
cubic,3.2185,37.1158,52.6111,51.7094,5.1861,0.002132,0.00187,26,sort,0.9,iperf3,cubic
cubic,3.6388,43.0482,47.3216,59.5088,5.0827,0.001809,0.002059,20,io,0.76,iperf3,cubic
cubic,2.8154,44.5266,46.8762,46.8596,4.0519,0.002569,0.00228,6,sort,0.89,iperf3,cubic
cubic,3.6283,40.8543,44.2732,54.4459,5.2894,0.001968,0.001814,30,sort,0.54,iperf3,cubic
cubic,2.8983,40.1503,54.9112,48.9795,4.9628,0.002042,0.001247,39,io,0.87,iperf3,cubic
cubic,4.3468,30.4308,43.1828,43.5456,3.9392,0.002381,0.001628,47,sort,0.23,iperf3,cubic
cubic,3.6858,35.9364,37.7056,45.2674,4.6023,0.002231,0.001588,16,io,0.43,iperf3,cubic
cubic,3.4357,34.5368,47.285,49.6901,5.2254,0.001864,0.001471,48,sort,0.17,iperf3,cubic
cubic,3.9038,36.1581,47.106,54.461,5.2225,0.001478,0.001906,26,io,0.34,iperf3,cubic
cubic,3.4708,37.0204,55.2661,54.0305,4.8444,0.002477,0.001491,23,sort,0.82,iperf3,cubic
cubic,3.8409,37.134,51.3365,53.4752,4.6995,0.002294,0.001467,33,io,0.68,iperf3,cubic
cubic,3.3438,43.5933,54.0511,56.6597,4.3954,0.001916,0.001354,39,sort,0.66,iperf3,cubic
cubic,3.5725,37.491,51.9018,44.2795,5.1915,0.001919,0.001467,9,io,0.46,iperf3,cubic
cubic,3.3649,45.2091,50.5201,59.9272,4.4779,0.002339,0.002217,41,streaming,0.97,iperf3,cubic
cubic,3.157,47.3725,56.693,49.2915,4.5162,0.001841,0.002336,7,sort,0.92,iperf3,cubic
cubic,3.0425,41.2563,47.2851,48.9749,4.6925,0.001842,0.001279,22,sort,0.81,iperf3,cubic
cubic,3.6383,39.6941,59.0823,54.0052,4.6833,0.002483,0.001861,6,sort,0.89,iperf3,cubic
cubic,3.0818,40.3728,52.513,50.6538,4.2873,0.001809,0.002144,30,streaming,0.71,iperf3,cubic
cubic,3.1595,35.5439,50.1463,46.9107,4.7137,0.002167,0.001252,39,io,0.51,iperf3,cubic
cubic,3.6348,45.2579,43.6836,63.2664,4.5648,0.002683,0.001805,11,io,0.77,iperf3,cubic
cubic,3.342,38.8249,50.2313,43.6044,4.9128,0.002206,0.00196,16,streaming,0.41,iperf3,cubic
cubic,3.0339,49.2399,44.5859,66.0119,4.0402,0.002515,0.001632,43,io,0.92,iperf3,cubic
cubic,2.797,46.0773,56.687,47.2542,4.8305,0.002009,0.001248,46,io,0.8,iperf3,cubic
cubic,4.0936,43.995,46.3997,42.2058,4.1999,0.002009,0.001794,21,io,0.54,iperf3,cubic
cubic,3.5219,36.7321,47.9466,54.2154,5.0144,0.0014,0.001804,35,streaming,0.3,iperf3,cubic
cubic,2.8578,39.2913,50.2343,54.1884,4.1169,0.001506,0.002006,18,streaming,0.64,iperf3,cubic
cubic,3.3749,36.3519,41.5955,46.8129,3.8552,0.002247,0.001454,18,streaming,0.46,iperf3,cubic
cubic,3.4938,47.9231,42.3088,61.6538,4.405,0.001962,0.001251,44,io,0.84,iperf3,cubic
cubic,4.003,37.4592,36.7304,55.8859,4.9628,0.001373,0.00139,34,streaming,0.34,iperf3,cubic
cubic,4.2079,31.744,45.5488,49.1201,3.7791,0.002238,0.001224,35,sort,0.44,iperf3,cubic
cubic,3.4927,37.1395,40.0298,50.3271,4.2449,0.001409,0.001105,26,io,0.11,iperf3,cubic
cubic,3.3503,44.8603,52.3088,53.5942,4.3535,0.002374,0.001686,22,io,0.6,iperf3,cubic
cubic,3.2205,38.6261,43.3083,56.9869,5.1256,0.001668,0.00166,42,streaming,0.37,iperf3,cubic
cubic,3.962,34.747,48.0486,52.2647,3.9692,0.001545,0.002027,12,io,0.48,iperf3,cubic
cubic,3.0379,40.1157,44.5208,64.919,5.1084,0.001656,0.002156,28,sort,0.97,iperf3,cubic
cubic,3.5551,35.6342,55.1364,46.1711,5.1001,0.002593,0.002017,25,sort,0.68,iperf3,cubic
cubic,2.8588,39.0416,49.669,56.7134,4.7058,0.002129,0.002037,48,streaming,0.88,iperf3,cubic
cubic,3.6186,34.1796,42.4391,43.9326,4.684,0.00205,0.001141,49,io,0.19,iperf3,cubic
cubic,3.0164,49.0804,56.8563,62.5144,4.155,0.002175,0.002107,13,streaming,0.99,iperf3,cubic
cubic,4.269,39.3177,50.5924,45.6769,5.217,0.001452,0.001302,16,sort,0.43,iperf3,cubic
cubic,3.6026,35.6411,40.5599,48.3058,3.9134,0.002583,0.001208,24,streaming,0.74,iperf3,cubic
cubic,3.2452,32.2696,40.1081,48.0736,4.106,0.001669,0.001896,34,streaming,0.66,iperf3,cubic
cubic,3.2161,36.0357,43.9824,41.8437,4.419,0.002281,0.00193,35,sort,0.41,iperf3,cubic
cubic,3.8514,35.7879,47.2474,50.5208,4.2944,0.00245,0.002037,25,io,0.52,iperf3,cubic
cubic,3.8872,37.7973,43.7861,45.646,5.1361,0.001897,0.001673,30,streaming,0.23,iperf3,cubic
cubic,4.2882,39.0385,42.2901,39.929,4.4209,0.001484,0.001383,50,streaming,0.15,iperf3,cubic
cubic,3.4855,47.1117,56.3611,62.8063,4.2086,0.001732,0.001804,41,sort,0.76,iperf3,cubic
cubic,3.4343,47.9193,58.8461,61.6452,4.9741,0.002464,0.001894,45,streaming,0.92,iperf3,cubic
cubic,3.7702,32.5465,37.9702,51.2228,4.8174,0.001627,0.001609,39,sort,0.37,iperf3,cubic
cubic,4.4128,32.0136,36.233,50.9975,4.4303,0.002141,0.001488,15,sort,0.28,iperf3,cubic
cubic,2.943,34.0094,46.3727,62.8176,4.6155,0.002796,0.001756,50,io,0.83,iperf3,cubic
cubic,3.7787,41.724,54.3146,55.9102,3.6862,0.002242,0.001658,15,streaming,0.75,iperf3,cubic
cubic,4.2144,34.6447,43.9441,51.8933,4.8437,0.001483,0.001611,25,streaming,0.15,iperf3,cubic
cubic,4.508,34.5081,35.6607,38.4094,4.7733,0.002351,0.001144,28,sort,0.22,iperf3,cubic
cubic,4.0721,37.6069,39.144,56.7952,4.1107,0.00204,0.001682,48,sort,0.46,iperf3,cubic
cubic,3.181,47.3934,49.1733,60.3145,4.8026,0.002538,0.002199,47,sort,0.9,iperf3,cubic
cubic,3.1642,38.5707,52.6911,56.9522,5.1731,0.002391,0.001935,7,streaming,0.56,iperf3,cubic
cubic,4.4653,31.63,40.2443,40.0802,4.6076,0.002198,0.001334,34,io,0.28,iperf3,cubic
cubic,4.6102,38.1007,41.3446,52.3591,3.8331,0.002097,0.00156,15,streaming,0.16,iperf3,cubic
cubic,3.7837,44.445,51.8317,46.982,4.0033,0.001889,0.002129,37,sort,0.8,iperf3,cubic
cubic,4.2668,39.9981,42.9547,55.3607,3.8155,0.002071,0.001489,43,sort,0.27,iperf3,cubic
cubic,3.0039,44.7419,55.5063,49.6592,3.9363,0.002784,0.00229,34,streaming,0.97,iperf3,cubic
cubic,3.1248,31.9435,48.8439,53.1844,3.8693,0.001842,0.001209,16,sort,0.47,iperf3,cubic
cubic,4.3075,32.7334,43.2669,47.6812,5.1779,0.002062,0.001797,17,sort,0.14,iperf3,cubic
cubic,3.4123,35.2033,52.005,55.6223,4.2271,0.002307,0.00198,34,sort,0.93,iperf3,cubic
cubic,3.7436,43.4891,40.688,58.4741,4.1378,0.001607,0.001472,40,sort,0.69,iperf3,cubic
cubic,3.3773,45.8163,53.9127,55.1733,4.2099,0.00166,0.001799,29,sort,0.71,iperf3,cubic
cubic,3.4562,38.5543,48.452,43.7714,4.2969,0.002152,0.001739,46,sort,0.22,iperf3,cubic
cubic,4.3575,33.7437,37.3114,48.9201,4.625,0.002102,0.001641,19,streaming,0.1,iperf3,cubic
cubic,2.7165,37.9403,59.258,58.667,4.5542,0.002128,0.002113,13,streaming,0.97,iperf3,cubic
cubic,3.4686,29.6953,45.7472,41.4726,3.9096,0.001854,0.001098,12,streaming,0.29,iperf3,cubic
cubic,3.6076,37.3903,40.4438,43.5128,4.6831,0.001891,0.001775,10,streaming,0.43,iperf3,cubic
cubic,2.9553,33.6549,38.7467,46.3987,4.7327,0.002474,0.001444,21,sort,0.49,iperf3,cubic
cubic,3.4958,45.4084,53.7101,51.728,4.8301,0.001983,0.001547,12,streaming,0.96,iperf3,cubic
cubic,4.606,32.0245,39.7305,51.4286,4.7161,0.001632,0.001752,24,io,0.12,iperf3,cubic
cubic,3.3254,41.7131,55.493,50.4982,4.3691,0.001684,0.001421,35,io,0.66,iperf3,cubic
cubic,3.6008,37.7436,48.5714,48.1222,4.5789,0.002574,0.002089,37,streaming,0.86,iperf3,cubic
cubic,3.2332,39.2225,45.3117,47.0128,3.8441,0.001715,0.001692,10,streaming,0.21,iperf3,cubic
cubic,3.5367,38.4713,45.7154,56.8676,4.7652,0.001961,0.001277,6,io,0.54,iperf3,cubic
cubic,3.7394,44.7487,49.3615,50.1032,3.7505,0.002165,0.001511,34,streaming,0.88,iperf3,cubic
cubic,2.8171,33.5816,54.5492,51.4431,4.5397,0.001855,0.00151,30,io,0.74,iperf3,cubic
cubic,3.4155,28.691,40.6944,44.3272,5.0711,0.002052,0.001437,50,sort,0.26,iperf3,cubic
cubic,3.5641,33.3375,45.7534,47.348,5.2979,0.002357,0.00186,43,io,0.49,iperf3,cubic
cubic,4.1486,41.4711,50.5847,48.772,3.9226,0.001802,0.001167,20,io,0.46,iperf3,cubic
cubic,3.6303,34.1864,41.7132,51.1154,4.3524,0.00168,0.002261,45,sort,0.85,iperf3,cubic
cubic,3.7886,32.5867,48.1386,55.6301,3.8828,0.001769,0.001183,46,streaming,0.63,iperf3,cubic
cubic,3.7968,41.2827,36.097,51.8092,4.906,0.002313,0.001643,22,streaming,0.34,iperf3,cubic
cubic,3.1247,45.7069,39.2458,57.691,3.7503,0.002209,0.001659,42,io,0.62,iperf3,cubic
cubic,4.1315,41.5149,41.5187,50.3978,5.2817,0.002082,0.001674,17,sort,0.37,iperf3,cubic
cubic,3.7728,41.8924,43.2551,51.851,4.1549,0.001904,0.001496,11,io,0.52,iperf3,cubic
cubic,3.5745,28.8049,40.9652,42.5142,4.059,0.001479,0.001314,16,io,0.23,iperf3,cubic
cubic,4.436,37.2024,43.5128,48.7431,5.156,0.002431,0.001451,5,sort,0.29,iperf3,cubic
cubic,3.4848,32.7636,47.4053,47.9792,3.7244,0.001761,0.00145,39,io,0.16,iperf3,cubic
cubic,2.7363,34.8157,43.6314,59.3007,3.7262,0.002619,0.001909,11,streaming,0.86,iperf3,cubic
cubic,3.7245,45.9238,45.0078,59.6833,4.8957,0.002311,0.001874,42,sort,0.86,iperf3,cubic
cubic,4.0674,31.807,44.0031,41.8287,5.0337,0.002004,0.001684,23,streaming,0.5,iperf3,cubic
cubic,2.6121,47.2413,42.9708,58.1409,4.3268,0.001938,0.001849,15,sort,0.94,iperf3,cubic
cubic,3.8106,46.1594,49.0571,59.4373,4.0587,0.002796,0.002226,28,io,0.78,iperf3,cubic
cubic,3.6192,31.419,37.1223,51.0889,4.3588,0.001779,0.001755,16,streaming,0.49,iperf3,cubic
cubic,3.2848,38.4668,48.017,61.3005,4.7616,0.002793,0.001784,36,io,0.86,iperf3,cubic
cubic,3.0707,34.9829,50.6578,54.8497,4.4977,0.002079,0.001958,42,sort,0.71,iperf3,cubic
cubic,3.6206,42.1192,53.4464,52.5265,4.6337,0.001901,0.0014,10,sort,0.95,iperf3,cubic
cubic,2.8014,39.8246,48.977,56.2418,4.0829,0.00217,0.001932,49,io,0.81,iperf3,cubic
cubic,3.2473,36.8387,39.7049,60.1019,4.6211,0.002504,0.001805,46,streaming,0.6,iperf3,cubic
cubic,3.783,42.0891,51.1691,53.5368,4.1394,0.002106,0.001471,20,io,0.46,iperf3,cubic
cubic,3.2258,36.8301,48.4718,47.493,4.3995,0.001702,0.001553,29,sort,0.75,iperf3,cubic
cubic,3.9834,31.2071,43.1998,42.6654,4.5656,0.001287,0.001883,19,io,0.23,iperf3,cubic
cubic,3.7817,35.6446,44.5012,54.6732,3.9041,0.001628,0.001504,38,io,0.34,iperf3,cubic
cubic,3.0051,30.9794,50.284,43.0428,3.8013,0.002598,0.001228,20,sort,0.5,iperf3,cubic
cubic,3.8297,32.0921,48.8835,44.0578,4.3404,0.001639,0.001538,31,sort,0.42,iperf3,cubic
cubic,2.8186,38.1151,57.8628,52.9339,4.508,0.002106,0.002093,49,io,0.9,iperf3,cubic
cubic,3.8142,38.5958,43.3694,44.6839,4.1057,0.001896,0.001357,46,streaming,0.12,iperf3,cubic
cubic,4.2865,30.5529,44.0511,43.5548,5.048,0.001746,0.001628,9,streaming,0.13,iperf3,cubic
cubic,3.4998,42.1732,50.2323,55.9838,3.7495,0.002234,0.00217,5,streaming,0.8,iperf3,cubic
cubic,3.5775,36.3628,45.905,55.1143,4.3506,0.002693,0.00136,19,io,0.88,iperf3,cubic
cubic,2.8469,39.8842,47.5389,51.2345,4.3643,0.002433,0.001898,20,sort,0.86,iperf3,cubic
cubic,3.2038,41.7062,46.9683,62.364,4.298,0.001897,0.002113,10,sort,0.73,iperf3,cubic
cubic,3.3634,33.754,45.9187,41.9999,4.6739,0.002192,0.001714,8,sort,0.39,iperf3,cubic
cubic,3.7834,37.6734,57.4291,63.81,3.7538,0.001702,0.001746,32,io,0.86,iperf3,cubic
cubic,3.0185,41.1494,52.0718,54.7637,4.3202,0.002026,0.001444,50,streaming,0.71,iperf3,cubic
cubic,3.3938,36.0292,45.1514,44.7275,4.4667,0.001538,0.001782,46,streaming,0.68,iperf3,cubic
cubic,3.1858,45.3412,42.3344,43.7969,5.1698,0.002692,0.001839,22,streaming,0.62,iperf3,cubic
cubic,3.6793,42.5667,47.8636,53.4316,4.2103,0.002102,0.001394,24,sort,0.81,iperf3,cubic
cubic,3.6779,35.3315,43.8691,40.4415,4.4103,0.002452,0.00179,19,io,0.38,iperf3,cubic
cubic,4.242,28.9275,36.2475,53.0727,4.2792,0.002196,0.001826,13,sort,0.27,iperf3,cubic
cubic,3.5146,39.124,46.0991,48.2088,4.7045,0.00236,0.001614,8,streaming,0.87,iperf3,cubic
cubic,3.9217,37.2689,34.2011,39.018,3.9745,0.002044,0.001372,35,sort,0.11,iperf3,cubic
cubic,3.1104,34.6363,44.6939,45.4601,3.7267,0.001594,0.001481,11,io,0.72,iperf3,cubic
cubic,4.3829,30.7957,44.9286,47.9561,5.2876,0.001272,0.001797,39,sort,0.18,iperf3,cubic
cubic,4.1586,38.7723,39.3792,44.5157,4.5852,0.001444,0.001056,41,io,0.11,iperf3,cubic
cubic,3.3461,42.9975,38.5945,58.3559,4.403,0.002702,0.001576,21,io,0.64,iperf3,cubic
cubic,3.5625,35.2275,54.0234,64.5963,3.7683,0.00226,0.001488,35,sort,0.87,iperf3,cubic
cubic,3.4539,37.5702,41.8935,53.6184,3.7596,0.002009,0.001999,45,io,0.41,iperf3,cubic
cubic,4.4672,30.5595,35.9699,49.614,4.8048,0.001553,0.001324,21,io,0.25,iperf3,cubic
cubic,3.0421,38.9502,42.8382,45.9901,4.2758,0.002137,0.001415,14,io,0.43,iperf3,cubic
cubic,2.7473,48.3526,43.7921,60.5855,4.4052,0.002589,0.001905,36,streaming,0.88,iperf3,cubic
cubic,3.6287,46.6949,46.8834,61.4507,4.3255,0.001751,0.001869,46,sort,0.71,iperf3,cubic
cubic,2.9705,34.7488,42.0718,59.6162,4.553,0.002342,0.00201,35,sort,0.68,iperf3,cubic
cubic,3.8493,30.7449,49.2944,51.1957,4.3075,0.001656,0.001132,26,streaming,0.42,iperf3,cubic
cubic,2.7615,41.6837,53.2079,48.8782,4.8444,0.002148,0.00135,44,streaming,0.74,iperf3,cubic
cubic,3.5748,47.657,41.4509,63.8632,5.0772,0.002627,0.00205,37,io,0.9,iperf3,cubic
cubic,3.8777,33.6632,40.527,38.2896,4.3688,0.002323,0.001246,21,io,0.16,iperf3,cubic
cubic,2.8813,41.1416,56.6398,51.0813,4.5468,0.002071,0.001336,43,io,0.93,iperf3,cubic
cubic,3.6454,39.9542,38.8498,56.4875,4.9033,0.002474,0.001847,20,io,0.66,iperf3,cubic
cubic,2.9471,38.8202,47.3654,56.3284,5.0949,0.002406,0.001994,41,streaming,0.68,iperf3,cubic
cubic,3.4689,42.6218,52.9613,57.3119,4.6499,0.001831,0.00214,35,sort,0.62,iperf3,cubic
cubic,3.852,33.2473,52.2068,55.7424,4.0921,0.00174,0.001966,43,streaming,0.62,iperf3,cubic
cubic,3.7273,33.932,40.0075,46.3444,4.5818,0.001717,0.001593,38,io,0.59,iperf3,cubic
cubic,4.1705,30.8508,36.4384,50.1391,4.5704,0.001354,0.001889,15,sort,0.31,iperf3,cubic
cubic,2.8079,37.4602,57.6945,66.0873,4.8323,0.002348,0.001502,14,sort,0.95,iperf3,cubic
cubic,3.2168,30.8418,46.7349,38.0877,4.7999,0.001701,0.001403,12,streaming,0.21,iperf3,cubic
cubic,4.0005,34.9549,42.524,46.0006,4.9783,0.001763,0.00133,5,streaming,0.14,iperf3,cubic
cubic,3.0773,36.819,39.3557,43.692,4.853,0.002544,0.001436,25,io,0.59,iperf3,cubic
cubic,3.9149,40.7105,51.672,58.7262,4.1286,0.002466,0.001956,40,sort,0.68,iperf3,cubic
cubic,3.151,38.1412,55.545,49.722,4.775,0.001599,0.001184,6,streaming,0.68,iperf3,cubic
cubic,4.079,30.8217,50.1811,46.6332,4.2144,0.002298,0.001488,9,io,0.51,iperf3,cubic
cubic,3.0689,35.4175,49.7768,47.0566,4.1162,0.001444,0.001929,30,sort,0.4,iperf3,cubic
cubic,3.5782,45.3014,54.2729,64.9009,5.2055,0.00291,0.001263,33,io,0.92,iperf3,cubic
cubic,3.3386,42.8261,53.0243,47.5607,4.6818,0.00149,0.001757,28,streaming,0.59,iperf3,cubic
cubic,3.1821,41.4932,45.316,47.9404,4.5455,0.002268,0.001871,15,streaming,0.8,iperf3,cubic
cubic,3.983,37.227,44.8632,50.7952,4.5225,0.00213,0.001215,38,io,0.45,iperf3,cubic
cubic,3.2511,47.3921,43.692,48.2749,4.9796,0.002202,0.001689,9,sort,1.0,iperf3,cubic
cubic,2.8536,39.9699,40.1461,60.5072,3.8964,0.002539,0.001915,27,io,0.61,iperf3,cubic
cubic,3.5757,38.3277,51.0778,48.4789,4.1712,0.001499,0.001946,41,sort,0.51,iperf3,cubic
cubic,4.2113,40.3764,41.7616,49.6396,5.2523,0.001509,0.001554,23,streaming,0.43,iperf3,cubic
cubic,3.6156,39.9422,46.1427,48.0074,3.8025,0.002198,0.002021,46,sort,0.74,iperf3,cubic
cubic,2.9471,41.492,44.6298,45.2442,4.1123,0.001643,0.00175,35,io,0.6,iperf3,cubic
cubic,3.1064,30.4595,46.8016,57.742,5.1106,0.002197,0.001428,13,sort,0.4,iperf3,cubic
cubic,3.7065,31.4165,40.5214,51.3413,4.1975,0.002118,0.001126,41,sort,0.19,iperf3,cubic
cubic,3.8677,28.1978,42.371,53.7433,3.7623,0.001984,0.001223,50,io,0.23,iperf3,cubic
cubic,2.912,35.2555,44.4638,63.4103,4.132,0.002737,0.002327,37,io,0.91,iperf3,cubic
cubic,4.0006,39.4384,47.297,43.0243,3.7763,0.001834,0.001615,38,sort,0.25,iperf3,cubic
cubic,3.5056,34.1311,35.5192,55.2077,3.7991,0.002348,0.001522,28,sort,0.26,iperf3,cubic
cubic,3.3899,31.2725,40.539,47.783,5.2155,0.001333,0.001476,5,streaming,0.11,iperf3,cubic
cubic,3.8781,33.6002,52.264,44.9226,3.9824,0.001564,0.002053,28,io,0.65,iperf3,cubic
cubic,3.1766,36.0525,37.6426,39.497,3.7965,0.001801,0.001336,5,io,0.3,iperf3,cubic
cubic,3.689,35.3059,46.454,37.8368,4.4969,0.002061,0.00146,25,io,0.1,iperf3,cubic
cubic,3.701,34.8275,49.1652,53.3832,4.6406,0.002232,0.002085,31,streaming,0.73,iperf3,cubic
cubic,3.3372,42.3909,47.8721,47.6177,4.8662,0.002482,0.001831,37,sort,0.41,iperf3,cubic
cubic,2.8138,39.3677,51.3943,51.1419,4.9274,0.002628,0.001303,26,io,0.93,iperf3,cubic
cubic,4.3836,35.3467,38.6571,48.0525,3.793,0.002204,0.001182,28,io,0.14,iperf3,cubic
cubic,3.9081,41.6545,42.1457,57.9476,4.3619,0.001468,0.001942,39,sort,0.49,iperf3,cubic
cubic,3.4781,33.1923,45.539,59.2408,5.2926,0.002462,0.002008,37,sort,0.49,iperf3,cubic
cubic,4.4512,32.6571,37.8287,54.3325,4.9715,0.002014,0.001808,30,io,0.28,iperf3,cubic
cubic,2.6453,39.6141,49.5667,55.7384,4.1292,0.001644,0.00165,44,sort,0.92,iperf3,cubic
cubic,3.489,34.9499,38.944,43.4024,5.0149,0.002049,0.00159,26,streaming,0.4,iperf3,cubic
cubic,2.7204,41.9197,54.0513,61.4363,4.7586,0.002381,0.002217,11,io,0.91,iperf3,cubic
cubic,3.0848,42.6961,49.0351,59.5751,4.7919,0.001788,0.002154,50,streaming,0.96,iperf3,cubic
cubic,3.0099,45.3237,45.0393,60.0954,4.3384,0.002435,0.002273,25,sort,0.95,iperf3,cubic
cubic,3.4598,35.0463,43.7294,45.659,3.8155,0.001722,0.001697,25,io,0.84,iperf3,cubic
cubic,3.0883,47.6989,40.4297,62.3653,4.9096,0.002448,0.001277,25,sort,0.81,iperf3,cubic
cubic,4.421,39.3269,46.8393,43.4358,4.9717,0.002024,0.001533,33,streaming,0.2,iperf3,cubic
cubic,3.1904,38.4488,39.441,59.4876,3.8434,0.00203,0.00137,13,sort,0.67,iperf3,cubic
cubic,2.9635,35.6616,49.1245,54.001,4.7227,0.002511,0.00177,9,sort,0.52,iperf3,cubic
cubic,3.6845,35.5095,35.9601,41.8798,4.8479,0.001466,0.001767,12,io,0.14,iperf3,cubic
cubic,3.4992,27.373,35.4519,37.1804,4.6705,0.002259,0.001226,9,io,0.1,iperf3,cubic
cubic,3.6062,32.8082,41.4879,54.7523,5.1052,0.002198,0.001322,39,sort,0.59,iperf3,cubic
cubic,4.183,38.965,41.3064,41.2381,4.3089,0.001405,0.001475,36,streaming,0.42,iperf3,cubic
cubic,2.8408,31.9622,47.5714,60.5004,5.151,0.002125,0.00123,29,sort,0.61,iperf3,cubic
cubic,3.0274,44.2535,55.1399,64.0004,4.4916,0.002401,0.001333,18,io,0.75,iperf3,cubic
cubic,3.7778,36.9032,51.0028,62.923,5.0751,0.00151,0.001587,34,sort,0.7,iperf3,cubic
cubic,3.4072,30.2365,38.7065,46.8888,3.6998,0.001956,0.002029,25,streaming,0.44,iperf3,cubic
cubic,3.3225,30.4695,43.1822,42.48,3.7807,0.001541,0.001926,49,io,0.33,iperf3,cubic
cubic,3.6045,37.9617,55.2146,46.5314,4.8736,0.001568,0.001262,31,streaming,0.8,iperf3,cubic
cubic,3.0452,34.0798,54.4839,56.7953,5.1585,0.00223,0.001499,14,streaming,0.86,iperf3,cubic
cubic,2.7063,40.2869,45.2189,49.1632,5.1812,0.001946,0.001984,34,streaming,0.9,iperf3,cubic
cubic,3.7429,42.593,42.7879,55.299,5.0732,0.00146,0.001639,42,sort,0.4,iperf3,cubic
cubic,2.8817,34.0314,56.7712,49.7741,4.7666,0.002673,0.002049,49,io,0.79,iperf3,cubic
cubic,3.668,30.5062,37.6368,54.4988,5.1204,0.002053,0.001141,33,io,0.23,iperf3,cubic
cubic,4.3914,30.6869,44.5657,37.7944,3.9875,0.002039,0.001166,46,io,0.2,iperf3,cubic
cubic,3.4339,34.6247,56.4201,55.8498,3.8831,0.002288,0.001742,5,sort,0.82,iperf3,cubic
cubic,2.8507,34.2354,41.1798,52.617,4.5475,0.001917,0.001757,42,sort,0.72,iperf3,cubic
cubic,3.4719,44.6581,49.6207,60.5669,3.8341,0.002309,0.001299,8,sort,0.89,iperf3,cubic
cubic,3.7755,40.2502,53.3262,58.6866,5.0689,0.001605,0.002233,43,io,0.78,iperf3,cubic
cubic,3.5962,42.1567,44.9518,57.5199,4.2181,0.00279,0.002215,47,sort,0.95,iperf3,cubic
cubic,3.412,36.6545,40.3846,37.589,3.969,0.001502,0.001272,13,sort,0.19,iperf3,cubic
cubic,2.9495,45.5027,39.5882,45.0993,4.1325,0.002709,0.001833,13,streaming,0.66,iperf3,cubic
cubic,3.4329,35.6446,59.3423,66.4032,4.615,0.002543,0.002024,48,sort,0.93,iperf3,cubic
cubic,4.2268,29.5819,42.9727,54.0662,4.1296,0.002061,0.001153,13,sort,0.21,iperf3,cubic
cubic,3.8818,38.5989,35.6092,52.5304,4.0758,0.002071,0.001062,13,io,0.22,iperf3,cubic
cubic,3.2981,31.7856,41.5296,45.6793,4.7846,0.002426,0.001472,43,io,0.55,iperf3,cubic
cubic,3.7149,33.4537,48.4859,40.7055,4.5503,0.00147,0.00112,6,io,0.31,iperf3,cubic
cubic,2.8691,42.1506,52.8073,62.586,3.8015,0.001858,0.002062,7,sort,0.69,iperf3,cubic
cubic,3.2974,48.3918,44.8236,65.0931,3.729,0.001886,0.002274,39,streaming,0.87,iperf3,cubic
cubic,3.3685,39.629,43.2611,47.2724,5.086,0.002784,0.001678,5,streaming,0.84,iperf3,cubic
cubic,3.3869,43.2397,53.2666,49.7518,5.2494,0.0019,0.002066,7,io,0.55,iperf3,cubic
cubic,3.4853,32.1535,45.209,55.0362,4.2671,0.001446,0.001648,21,sort,0.44,iperf3,cubic
cubic,3.624,35.0712,50.6013,51.774,4.6593,0.001563,0.001284,31,streaming,0.37,iperf3,cubic
cubic,3.8509,34.7941,42.959,42.5936,3.955,0.001519,0.001914,12,io,0.41,iperf3,cubic
cubic,3.59,37.3059,43.0083,52.5626,4.8762,0.002286,0.001494,25,streaming,0.18,iperf3,cubic
cubic,3.2014,35.8097,42.9494,54.7762,3.7454,0.002172,0.001934,43,streaming,0.34,iperf3,cubic
cubic,2.6744,44.463,49.3969,60.3706,4.8528,0.002832,0.002052,47,sort,0.96,iperf3,cubic
cubic,3.2677,35.0673,47.7924,58.4144,5.1162,0.002359,0.00213,23,sort,0.64,iperf3,cubic
cubic,3.5741,45.0175,48.4797,51.8808,4.0788,0.002882,0.002306,7,streaming,0.95,iperf3,cubic
cubic,2.7454,44.1773,46.9629,58.8811,4.4893,0.001576,0.002265,22,streaming,0.83,iperf3,cubic
cubic,3.9989,35.1864,46.962,52.5707,4.4891,0.002306,0.001474,50,io,0.43,iperf3,cubic
cubic,3.4215,48.7171,57.9786,53.3674,4.0041,0.002875,0.001728,41,io,0.91,iperf3,cubic
cubic,3.4009,43.485,46.7094,50.8676,5.2373,0.001485,0.001328,22,io,0.52,iperf3,cubic
cubic,3.6775,32.5626,41.5182,52.8971,4.6076,0.002292,0.001844,24,streaming,0.21,iperf3,cubic
cubic,3.0995,36.7073,39.8279,56.727,4.2819,0.001891,0.001435,33,io,0.56,iperf3,cubic
cubic,3.1629,39.3499,38.3107,42.4821,4.9377,0.001955,0.001145,16,streaming,0.26,iperf3,cubic
cubic,3.0307,39.0812,40.4821,50.5522,3.9978,0.002316,0.001252,31,io,0.45,iperf3,cubic
cubic,3.5603,46.8379,44.2564,61.7016,4.4138,0.002083,0.001925,34,io,0.83,iperf3,cubic
cubic,4.3355,29.221,44.4194,51.4291,4.4831,0.001915,0.001374,15,sort,0.3,iperf3,cubic
cubic,3.2857,37.2324,40.4712,53.3766,4.5822,0.001638,0.001214,47,streaming,0.23,iperf3,cubic
cubic,3.636,40.9544,47.473,44.0683,5.0464,0.002082,0.001692,8,streaming,0.35,iperf3,cubic
cubic,4.1113,29.9263,43.0384,51.1943,3.7228,0.001852,0.001715,14,streaming,0.2,iperf3,cubic
cubic,3.7347,30.5134,41.1428,50.5932,4.3393,0.001536,0.001056,22,io,0.3,iperf3,cubic
cubic,3.5326,48.5782,52.9118,53.9524,3.9284,0.00217,0.001842,6,sort,0.92,iperf3,cubic
cubic,2.9537,42.5354,59.5274,47.511,5.1703,0.002236,0.002004,13,io,0.93,iperf3,cubic
cubic,3.7054,35.5673,46.7857,39.1543,3.7247,0.001582,0.00184,49,streaming,0.16,iperf3,cubic
cubic,3.5638,41.3255,51.3301,46.9994,5.2877,0.002722,0.001432,17,streaming,0.81,iperf3,cubic
cubic,3.4292,32.1694,48.4668,43.8186,4.8471,0.002083,0.001276,45,io,0.44,iperf3,cubic
cubic,3.0229,44.8502,58.2601,53.1354,5.1258,0.002434,0.001472,20,streaming,0.87,iperf3,cubic
cubic,4.067,37.7396,40.4126,49.7528,3.9892,0.001862,0.001566,5,streaming,0.23,iperf3,cubic
cubic,3.9699,40.0825,47.3775,43.5499,4.2542,0.00149,0.001462,10,io,0.36,iperf3,cubic
cubic,3.4571,32.4912,38.287,60.2368,3.7555,0.001654,0.001734,12,streaming,0.56,iperf3,cubic
cubic,3.6621,36.2786,40.6997,45.3046,3.8834,0.002039,0.001587,40,streaming,0.79,iperf3,cubic
cubic,4.0277,36.8453,37.3885,40.4681,5.0704,0.002067,0.001812,32,sort,0.3,iperf3,cubic
cubic,3.1905,38.568,48.9145,50.8768,4.3973,0.001936,0.001422,18,io,0.93,iperf3,cubic
cubic,2.7091,37.5875,55.2882,47.737,3.8534,0.002435,0.00156,14,streaming,0.98,iperf3,cubic
cubic,4.1284,37.2731,47.1071,52.0692,4.7897,0.002367,0.001257,27,sort,0.41,iperf3,cubic
cubic,3.1906,42.1378,52.2339,46.9884,4.2825,0.001442,0.001476,45,io,0.46,iperf3,cubic
cubic,3.6827,37.1376,55.3502,47.5538,3.7715,0.002051,0.002056,22,io,0.81,iperf3,cubic
cubic,3.2259,36.0024,36.7537,46.7871,4.1747,0.001403,0.001505,14,streaming,0.19,iperf3,cubic
cubic,3.4085,36.3077,35.0018,47.1902,4.5042,0.00154,0.001327,41,sort,0.11,iperf3,cubic
cubic,3.402,39.6511,46.2902,51.3334,4.4515,0.002026,0.001504,9,io,0.85,iperf3,cubic
cubic,3.4333,39.0649,47.9379,59.7551,3.7983,0.002279,0.002194,26,sort,0.82,iperf3,cubic
cubic,3.0304,41.957,37.1461,52.8946,4.6395,0.001604,0.001385,40,io,0.4,iperf3,cubic
cubic,2.9507,42.1272,50.6803,42.3776,3.9546,0.00261,0.001786,9,streaming,0.55,iperf3,cubic
cubic,3.3906,34.0743,49.7942,46.2617,3.8004,0.001721,0.001419,50,sort,0.66,iperf3,cubic
cubic,3.4451,37.7346,47.1395,48.6574,4.5974,0.002022,0.001323,15,sort,0.49,iperf3,cubic
cubic,3.2335,41.1815,52.4256,44.5233,4.3896,0.001856,0.001843,34,io,0.48,iperf3,cubic
cubic,3.2132,43.0473,53.3347,60.5626,4.3614,0.001917,0.001971,18,sort,0.96,iperf3,cubic
cubic,3.2159,48.8265,54.5028,51.2031,4.656,0.002447,0.001688,24,sort,0.95,iperf3,cubic
cubic,4.0588,38.4177,43.8635,41.639,3.8834,0.001354,0.001151,9,sort,0.27,iperf3,cubic
cubic,4.0062,36.3391,41.9007,58.0545,4.592,0.001901,0.001957,35,streaming,0.42,iperf3,cubic
cubic,3.3062,32.0983,40.5219,42.9277,4.1817,0.001941,0.001358,30,streaming,0.11,iperf3,cubic
cubic,3.8268,41.4384,49.1274,41.3615,5.0012,0.00179,0.001397,49,io,0.37,iperf3,cubic
cubic,3.502,35.7028,49.7716,54.8729,4.8118,0.002253,0.001326,29,io,0.99,iperf3,cubic
cubic,3.0282,37.974,50.7084,49.0308,5.1088,0.002378,0.001675,41,sort,0.98,iperf3,cubic
cubic,3.1142,33.5128,45.7693,53.337,3.6947,0.001969,0.00131,38,streaming,0.73,iperf3,cubic
cubic,4.1017,33.5868,37.4458,39.5041,4.1895,0.001612,0.001497,40,io,0.24,iperf3,cubic
cubic,3.3406,39.2,45.8403,59.1416,4.0828,0.002844,0.002043,23,io,0.86,iperf3,cubic
cubic,3.5394,44.6064,53.6351,50.7787,3.878,0.002252,0.001837,20,io,0.77,iperf3,cubic
cubic,3.677,47.0546,44.4406,56.3005,4.1427,0.002265,0.001495,31,streaming,0.78,iperf3,cubic
cubic,4.0863,39.94,45.8173,42.399,4.0448,0.002011,0.001524,13,sort,0.34,iperf3,cubic
cubic,3.6897,35.0382,48.0604,58.6526,4.7205,0.002562,0.00175,22,io,0.64,iperf3,cubic
cubic,3.3633,27.9263,46.5047,46.9869,3.8905,0.002022,0.001116,35,streaming,0.19,iperf3,cubic
cubic,3.0694,46.5184,49.1336,48.8341,4.7007,0.002545,0.001604,35,io,0.79,iperf3,cubic
cubic,3.6664,35.4829,44.6838,46.2527,4.1315,0.002104,0.001548,9,streaming,0.82,iperf3,cubic
cubic,3.4864,28.873,34.2432,53.0605,5.0957,0.001404,0.001716,18,sort,0.23,iperf3,cubic
cubic,3.1028,38.7892,45.8981,58.511,4.3149,0.001937,0.001557,48,io,0.76,iperf3,cubic
cubic,3.2755,40.4174,55.2336,64.4858,4.6671,0.002807,0.001519,28,streaming,0.86,iperf3,cubic
cubic,3.1554,36.1432,44.3813,44.2491,4.0421,0.002112,0.00152,18,streaming,0.6,iperf3,cubic
cubic,3.2901,34.7594,49.8727,52.7527,3.736,0.001632,0.001362,23,streaming,0.37,iperf3,cubic
cubic,3.4312,29.8205,38.6868,49.6321,4.8363,0.001762,0.0017,48,io,0.26,iperf3,cubic
cubic,3.5756,41.604,40.8497,56.4026,5.1393,0.002783,0.001558,50,io,0.82,iperf3,cubic
cubic,3.5796,40.2261,51.9225,47.5395,5.1142,0.002453,0.001955,36,sort,0.91,iperf3,cubic
cubic,3.0093,34.1289,52.7201,46.7739,5.0421,0.001466,0.001335,28,io,0.49,iperf3,cubic
cubic,2.7536,43.3721,59.1142,55.7255,4.2288,0.0022,0.001638,15,streaming,0.95,iperf3,cubic
cubic,3.8376,30.5862,46.3641,38.8456,3.7081,0.001678,0.00156,11,streaming,0.28,iperf3,cubic
cubic,3.428,31.5192,38.3408,46.7935,3.7913,0.00209,0.001652,32,streaming,0.29,iperf3,cubic
cubic,3.7731,33.6009,55.2127,47.9635,4.4552,0.002324,0.002007,25,io,0.8,iperf3,cubic
cubic,3.1611,32.5679,40.4913,40.1486,5.2039,0.001521,0.001269,42,sort,0.32,iperf3,cubic
cubic,3.8477,33.9701,38.4069,47.7369,5.1656,0.002421,0.0012,39,io,0.6,iperf3,cubic
cubic,4.2979,39.8358,47.9575,53.7366,5.1646,0.001364,0.001495,15,streaming,0.37,iperf3,cubic
cubic,3.4612,39.4029,58.1072,48.3476,4.9982,0.002579,0.002276,21,sort,0.96,iperf3,cubic
cubic,3.3211,43.4826,40.6531,61.4147,4.7199,0.002356,0.00151,21,sort,0.69,iperf3,cubic
cubic,3.9612,38.4252,50.2999,57.7298,3.7628,0.001815,0.001625,39,sort,0.47,iperf3,cubic
cubic,2.7889,44.468,52.4821,53.163,5.0918,0.00165,0.001418,43,io,0.89,iperf3,cubic
cubic,4.394,31.4928,38.5262,45.6059,4.8338,0.002228,0.00162,14,sort,0.14,iperf3,cubic
cubic,2.8519,37.6929,52.3092,66.4244,4.966,0.001725,0.001363,8,io,0.95,iperf3,cubic
cubic,4.5512,28.529,43.9002,54.13,4.5754,0.002163,0.001674,8,io,0.21,iperf3,cubic
cubic,3.3018,33.2298,53.1529,49.5223,3.7402,0.002284,0.001417,14,streaming,0.7,iperf3,cubic
cubic,4.2648,38.0609,46.8909,43.5898,4.1965,0.002404,0.001809,36,sort,0.42,iperf3,cubic
cubic,3.4177,33.8427,39.0803,41.767,4.038,0.001764,0.001158,28,streaming,0.19,iperf3,cubic
cubic,2.7927,39.7102,47.6739,52.494,4.9927,0.002343,0.001933,17,streaming,0.87,iperf3,cubic
cubic,3.4285,45.0496,56.3182,50.7836,4.1505,0.001985,0.002209,6,sort,0.92,iperf3,cubic
cubic,3.7015,37.2425,49.712,40.0109,4.4329,0.002273,0.001086,28,sort,0.37,iperf3,cubic
cubic,3.7311,41.6962,39.6812,57.8431,4.1882,0.002451,0.00162,21,io,0.65,iperf3,cubic
cubic,3.2697,41.1144,42.13,61.4689,4.6481,0.001865,0.001408,16,streaming,0.66,iperf3,cubic
cubic,3.5147,41.5125,39.5235,48.0877,3.9302,0.001908,0.001976,27,io,0.51,iperf3,cubic
cubic,3.8508,33.362,48.6717,53.2352,5.181,0.001624,0.001432,9,streaming,0.59,iperf3,cubic
cubic,3.3067,31.6449,40.5704,53.3738,4.8152,0.001821,0.001488,34,io,0.39,iperf3,cubic
cubic,3.533,34.9842,49.6926,49.6247,4.9168,0.001713,0.001626,9,streaming,0.7,iperf3,cubic
cubic,3.8314,30.1155,46.2009,46.1695,3.9963,0.002201,0.001294,39,io,0.4,iperf3,cubic
cubic,2.7432,41.6395,54.8345,49.3249,5.0648,0.001601,0.001883,16,streaming,0.78,iperf3,cubic
cubic,3.7214,36.6755,42.2753,61.1548,4.5085,0.002771,0.001364,28,streaming,0.87,iperf3,cubic
cubic,3.5292,38.809,54.1129,47.9635,3.6955,0.002372,0.001255,25,io,0.58,iperf3,cubic
cubic,3.1436,33.1759,39.7541,41.7451,5.0345,0.001334,0.001792,16,sort,0.34,iperf3,cubic
cubic,3.96,38.622,48.6916,51.813,5.0266,0.002092,0.001926,29,sort,0.61,iperf3,cubic
cubic,3.9289,37.9,43.9765,57.779,4.6449,0.002385,0.001397,47,io,0.67,iperf3,cubic
cubic,3.3387,40.1005,46.2981,41.4602,3.9944,0.001318,0.001654,7,sort,0.26,iperf3,cubic
cubic,3.3839,32.1934,50.3332,44.5838,4.4668,0.001929,0.001882,49,sort,0.36,iperf3,cubic
cubic,3.1609,43.4086,43.7788,61.5462,4.6326,0.002354,0.001903,41,streaming,0.88,iperf3,cubic
cubic,3.5203,40.0835,42.6806,58.4098,3.7141,0.001773,0.001636,31,streaming,0.72,iperf3,cubic
cubic,4.3705,35.6131,33.5149,42.3033,3.9998,0.001412,0.001279,39,sort,0.12,iperf3,cubic
cubic,2.9582,38.7226,41.5934,44.1483,4.0767,0.002011,0.001329,50,streaming,0.46,iperf3,cubic
cubic,4.1209,28.9188,38.3454,49.4178,3.9582,0.002054,0.001634,8,io,0.1,iperf3,cubic
cubic,4.0244,32.6711,44.8539,49.3808,5.1909,0.002174,0.001155,40,io,0.15,iperf3,cubic
cubic,3.5289,42.9425,58.7869,61.5511,5.1088,0.001886,0.002182,31,streaming,0.99,iperf3,cubic
cubic,3.175,44.0619,57.3811,66.1916,5.1578,0.002583,0.002086,16,streaming,0.91,iperf3,cubic
cubic,3.2746,37.6624,51.7904,42.8763,5.2549,0.001608,0.001736,15,streaming,0.46,iperf3,cubic
cubic,4.1072,30.574,44.5497,53.1098,4.8636,0.001558,0.001851,34,streaming,0.28,iperf3,cubic
cubic,3.724,40.7477,45.3602,63.0377,4.872,0.002415,0.001628,35,sort,0.76,iperf3,cubic
cubic,3.7068,36.8098,47.5524,48.7316,4.6226,0.001424,0.002007,39,streaming,0.54,iperf3,cubic
cubic,3.8781,34.7286,38.8307,44.657,4.6626,0.002601,0.001258,37,sort,0.57,iperf3,cubic
cubic,3.8918,38.8328,54.1027,56.7837,4.5564,0.00188,0.001875,16,io,0.73,iperf3,cubic
cubic,3.8839,45.0104,42.3161,52.3127,4.2778,0.002742,0.001621,29,streaming,0.76,iperf3,cubic
cubic,3.7094,41.7672,41.6771,51.4227,4.0119,0.002326,0.001836,15,sort,0.79,iperf3,cubic
cubic,3.7918,38.6505,45.7061,40.4625,4.4001,0.00171,0.001217,43,streaming,0.41,iperf3,cubic
cubic,4.2003,28.8878,41.4627,43.5152,5.2797,0.001564,0.001643,41,io,0.12,iperf3,cubic
cubic,2.8106,32.2093,51.8307,52.1241,4.7908,0.002094,0.001736,48,io,0.66,iperf3,cubic
cubic,3.1316,36.0484,54.7404,47.0977,4.6651,0.002101,0.001478,31,sort,0.66,iperf3,cubic
cubic,3.9686,37.8992,47.2829,45.4429,4.8669,0.002056,0.001642,29,io,0.52,iperf3,cubic
cubic,3.7594,32.8162,40.1663,53.4847,3.9513,0.002077,0.001814,5,sort,0.36,iperf3,cubic
cubic,3.174,41.2318,36.0945,47.0612,5.2356,0.001399,0.001455,40,streaming,0.39,iperf3,cubic
cubic,2.8224,39.6116,42.9222,58.9556,4.2615,0.001589,0.001389,40,streaming,0.64,iperf3,cubic
cubic,3.2493,47.4366,55.6522,52.968,4.1751,0.002656,0.001842,44,sort,0.89,iperf3,cubic
cubic,3.1222,43.9662,55.1215,53.6456,4.3543,0.002541,0.001182,33,io,0.64,iperf3,cubic
cubic,2.7249,36.6696,52.2508,59.588,4.91,0.002059,0.001846,43,streaming,0.81,iperf3,cubic
cubic,3.0122,42.6753,41.5741,45.6234,4.5838,0.002265,0.001273,33,streaming,0.42,iperf3,cubic
cubic,3.4963,50.3645,50.109,59.2329,4.4944,0.00226,0.002073,6,sort,0.98,iperf3,cubic
cubic,3.3326,38.3321,49.899,44.4533,3.8645,0.002431,0.001618,49,sort,0.69,iperf3,cubic
cubic,3.5766,31.6486,47.6311,42.0024,4.6541,0.002306,0.001367,22,streaming,0.21,iperf3,cubic
cubic,3.4277,45.7897,53.0522,51.1199,4.1682,0.001533,0.001331,13,io,0.7,iperf3,cubic
cubic,4.0535,33.3773,40.6652,43.0544,4.3696,0.001474,0.001846,16,io,0.21,iperf3,cubic
cubic,3.6614,30.6627,42.9898,48.7737,4.3924,0.00131,0.00146,35,streaming,0.21,iperf3,cubic
cubic,3.2155,44.8142,47.2594,58.7134,4.653,0.002012,0.001362,19,io,0.91,iperf3,cubic
cubic,2.8571,42.8733,53.749,47.7682,4.8597,0.001702,0.00131,43,io,0.58,iperf3,cubic
cubic,3.6167,29.0005,35.6268,38.5595,5.0864,0.002251,0.001672,20,sort,0.15,iperf3,cubic
cubic,2.7469,49.3906,50.5955,55.5022,4.1195,0.002451,0.002057,44,sort,0.93,iperf3,cubic
cubic,3.9366,34.0641,40.9319,43.5043,4.7626,0.001561,0.001876,13,io,0.41,iperf3,cubic
cubic,2.843,34.5615,48.1746,53.941,4.6759,0.002078,0.001257,8,io,0.74,iperf3,cubic
cubic,2.9084,35.6741,39.2375,50.7619,4.1785,0.002013,0.001899,45,sort,0.58,iperf3,cubic
cubic,3.5208,39.7786,45.583,53.349,4.16,0.002249,0.001809,12,streaming,0.29,iperf3,cubic
cubic,3.9114,42.8297,43.1837,45.0408,5.0517,0.002073,0.001127,19,io,0.42,iperf3,cubic
cubic,2.9215,33.7119,45.928,49.6711,5.0944,0.0015,0.001329,46,sort,0.54,iperf3,cubic
cubic,4.0878,37.2009,38.2097,51.0996,4.5466,0.001644,0.002039,9,sort,0.57,iperf3,cubic
cubic,3.6194,36.1936,36.0872,55.1086,4.3847,0.001736,0.001152,16,streaming,0.42,iperf3,cubic
bbr,3.3375,24.7821,33.5542,41.1613,3.7602,0.135523,0.129661,37,sort,0.21,iperf3,bbr
bbr,3.7457,22.2476,30.2507,34.7058,3.2144,0.164002,0.107179,35,sort,0.15,iperf3,bbr
bbr,3.7876,29.9134,33.4574,45.1618,4.0829,0.125204,0.142582,13,io,0.5,iperf3,bbr
bbr,2.8774,28.7366,39.9127,37.1268,3.9817,0.114019,0.131229,42,sort,0.63,iperf3,bbr
bbr,2.4978,26.4956,39.2766,40.2603,3.1336,0.116434,0.163104,48,sort,0.81,iperf3,bbr
bbr,2.6109,26.3972,38.5069,44.3627,3.2119,0.140297,0.14026,29,streaming,0.74,iperf3,bbr
bbr,3.7721,25.6317,36.1749,42.7103,3.6865,0.16252,0.120296,33,sort,0.35,iperf3,bbr
bbr,3.9549,30.5363,30.1511,38.8834,3.2845,0.140407,0.140667,12,io,0.25,iperf3,bbr
bbr,2.6154,27.1275,41.8889,42.7221,3.5224,0.182188,0.14593,45,streaming,0.86,iperf3,bbr
bbr,2.7507,32.455,40.312,49.5176,3.4137,0.124175,0.093965,26,streaming,0.85,iperf3,bbr
bbr,2.804,36.64,43.4251,47.1061,3.8365,0.191361,0.107143,36,sort,0.78,iperf3,bbr
bbr,3.0475,30.1523,37.9743,36.0049,3.7567,0.176082,0.10744,37,streaming,0.78,iperf3,bbr
bbr,3.7902,24.2544,28.714,34.5462,4.0818,0.145222,0.119476,22,io,0.41,iperf3,bbr
bbr,2.966,37.4414,32.6537,49.0675,3.6699,0.207685,0.164288,41,io,0.95,iperf3,bbr
bbr,3.4915,29.8267,37.5244,39.1587,3.0334,0.191839,0.158251,42,streaming,0.67,iperf3,bbr
bbr,2.9798,30.339,30.3604,36.6802,3.7876,0.162016,0.110057,5,io,0.29,iperf3,bbr
bbr,2.817,27.2373,36.3284,46.2461,3.0006,0.170453,0.152922,10,sort,0.79,iperf3,bbr
bbr,3.2104,26.2388,30.3912,29.9673,3.9318,0.120495,0.089643,32,sort,0.11,iperf3,bbr
bbr,3.9243,24.2248,31.3781,29.8543,3.4768,0.103536,0.09313,8,streaming,0.14,iperf3,bbr
bbr,2.6292,31.883,37.4134,50.0314,4.015,0.197214,0.136527,18,io,0.89,iperf3,bbr
bbr,2.9038,27.813,30.639,36.2876,3.7498,0.138545,0.099835,27,io,0.44,iperf3,bbr
bbr,2.9152,22.5268,30.8979,34.599,3.9414,0.163294,0.1456,10,sort,0.32,iperf3,bbr
bbr,3.2868,25.7532,35.8545,43.2304,3.8746,0.123889,0.116588,16,io,0.43,iperf3,bbr
bbr,2.875,26.1205,32.5982,40.5997,2.9019,0.114253,0.117686,20,streaming,0.42,iperf3,bbr
bbr,3.2063,32.8479,35.5102,38.2098,3.8062,0.139873,0.084843,20,streaming,0.52,iperf3,bbr
bbr,2.8965,30.8976,30.4572,41.8437,3.7027,0.107525,0.142533,44,sort,0.37,iperf3,bbr
bbr,3.3196,31.1745,45.583,42.2705,3.9394,0.186453,0.121408,21,io,1.0,iperf3,bbr
bbr,4.2856,21.5232,32.8759,35.4491,3.0179,0.172345,0.075459,14,io,0.14,iperf3,bbr
bbr,3.1468,33.8703,35.2716,33.8903,3.6412,0.167869,0.118036,38,streaming,0.54,iperf3,bbr
bbr,3.1225,34.7054,43.4403,43.5138,3.5679,0.118201,0.129713,21,streaming,0.78,iperf3,bbr
bbr,3.4623,32.3585,39.704,34.3124,3.0658,0.160894,0.148563,22,sort,0.73,iperf3,bbr
bbr,2.8467,30.053,36.7753,51.5814,2.9885,0.19088,0.162831,26,sort,0.94,iperf3,bbr
bbr,2.78,29.5478,34.9778,45.6136,2.8752,0.196716,0.145444,40,io,0.58,iperf3,bbr
bbr,3.1213,37.2591,44.4473,49.2753,3.8061,0.12406,0.121542,18,streaming,0.99,iperf3,bbr
bbr,3.6087,30.1571,32.2681,40.1659,3.6639,0.142679,0.125575,19,sort,0.63,iperf3,bbr
bbr,3.8251,26.6326,36.4108,31.2712,3.7459,0.149408,0.120717,12,io,0.29,iperf3,bbr
bbr,2.5676,36.7127,44.7287,51.8524,3.0816,0.132221,0.106228,21,io,0.95,iperf3,bbr
bbr,3.4549,26.7188,42.7186,48.2887,3.1395,0.123126,0.094555,46,streaming,0.81,iperf3,bbr
bbr,2.9145,25.9003,31.2142,31.5482,3.7331,0.145939,0.123554,50,io,0.42,iperf3,bbr
bbr,3.0885,25.2851,38.999,33.7261,3.5375,0.10641,0.12256,50,sort,0.34,iperf3,bbr
bbr,3.6485,34.8655,31.6527,37.5625,4.0393,0.112374,0.142719,40,streaming,0.65,iperf3,bbr
bbr,3.1182,26.6417,40.5198,38.1115,3.0779,0.139835,0.156812,24,sort,0.53,iperf3,bbr
bbr,2.7705,28.9651,43.3022,44.9568,3.1162,0.156003,0.100302,44,streaming,0.81,iperf3,bbr
bbr,3.4043,26.1508,26.6058,33.4858,2.9115,0.094942,0.110374,33,streaming,0.15,iperf3,bbr
bbr,2.575,35.7372,40.8669,34.7366,3.2678,0.188484,0.119885,31,streaming,0.73,iperf3,bbr
bbr,3.1259,27.7215,43.5081,43.2742,2.8611,0.157849,0.13712,6,streaming,0.75,iperf3,bbr
bbr,3.3225,24.3571,34.4266,40.8423,2.8811,0.13114,0.114832,10,io,0.15,iperf3,bbr
bbr,3.7147,23.7662,27.6097,32.5105,3.8653,0.145211,0.128025,35,streaming,0.27,iperf3,bbr
bbr,2.8093,28.251,33.5848,48.5662,3.1661,0.20531,0.15133,22,sort,0.9,iperf3,bbr
bbr,3.575,26.9115,33.0539,46.9279,4.0547,0.159617,0.091293,21,streaming,0.77,iperf3,bbr
bbr,2.8527,32.7133,37.4076,41.1955,3.2152,0.169458,0.143609,16,io,0.38,iperf3,bbr
bbr,3.5357,23.3255,31.981,34.2258,3.5836,0.168828,0.091957,47,streaming,0.42,iperf3,bbr
bbr,2.7893,33.9253,36.7221,47.3259,3.9533,0.149653,0.092306,48,sort,0.76,iperf3,bbr
bbr,3.69,25.0837,29.0425,31.4442,3.3601,0.151857,0.118221,24,sort,0.26,iperf3,bbr
bbr,3.564,33.1051,34.2574,39.6678,3.7141,0.16941,0.117448,29,streaming,0.75,iperf3,bbr
bbr,3.163,27.2872,28.8784,40.1238,3.5758,0.160681,0.085604,32,streaming,0.13,iperf3,bbr
bbr,3.7568,31.9052,38.6636,44.5055,3.9553,0.131432,0.127381,37,io,0.59,iperf3,bbr
bbr,2.7647,29.4369,31.0625,34.2107,3.5058,0.14146,0.109101,37,streaming,0.71,iperf3,bbr
bbr,3.3809,31.9421,31.9911,43.2292,3.5638,0.161245,0.139037,41,io,0.77,iperf3,bbr
bbr,3.3202,22.2252,32.6379,38.7128,3.5103,0.164101,0.135888,17,io,0.22,iperf3,bbr
bbr,3.4763,31.9399,37.7343,45.1427,3.197,0.127273,0.113735,33,sort,0.45,iperf3,bbr
bbr,2.8909,28.3304,40.4808,44.8015,3.247,0.163272,0.107437,5,streaming,0.95,iperf3,bbr
bbr,3.1585,28.9652,34.2893,39.3072,3.9319,0.127035,0.099602,18,streaming,0.25,iperf3,bbr
bbr,2.5377,26.0097,38.02,38.6382,3.2134,0.184017,0.122872,20,streaming,0.79,iperf3,bbr
bbr,2.5912,30.2535,37.0264,44.672,4.0983,0.120439,0.096186,5,sort,0.63,iperf3,bbr
bbr,3.5441,27.9851,32.1949,38.6204,3.0223,0.132459,0.133994,42,streaming,0.12,iperf3,bbr
bbr,3.3337,33.4323,38.4937,39.872,3.5261,0.181746,0.112268,10,sort,0.71,iperf3,bbr
bbr,2.8089,38.7718,37.8466,37.0223,2.8774,0.18013,0.164079,42,sort,0.95,iperf3,bbr
bbr,2.8929,28.7763,40.334,42.9794,3.1541,0.147722,0.153646,38,sort,0.56,iperf3,bbr
bbr,2.5028,33.5488,40.8401,46.708,3.261,0.131512,0.139938,24,io,0.89,iperf3,bbr
bbr,3.1558,24.3831,36.0408,29.7036,3.3026,0.123691,0.093325,31,streaming,0.24,iperf3,bbr
bbr,3.0938,33.2689,35.7555,35.2497,3.5765,0.16685,0.144837,32,io,0.47,iperf3,bbr
bbr,2.7499,24.3489,30.2115,44.4456,3.7503,0.17791,0.134856,39,sort,0.5,iperf3,bbr
bbr,2.917,37.5335,41.2657,44.2174,3.5945,0.195964,0.173074,14,sort,0.92,iperf3,bbr
bbr,2.5066,33.3108,39.5448,37.5908,3.1764,0.152752,0.106731,19,io,0.96,iperf3,bbr
bbr,3.1456,28.1408,35.3945,49.6524,3.1266,0.212717,0.093181,23,io,0.81,iperf3,bbr
bbr,3.0954,28.7291,36.4967,35.987,3.2638,0.139583,0.120627,9,sort,0.18,iperf3,bbr
bbr,3.6499,28.7386,30.1744,43.5231,3.9645,0.121178,0.090683,34,sort,0.67,iperf3,bbr
bbr,2.641,29.3669,29.9894,34.6429,3.5509,0.158398,0.12191,6,streaming,0.64,iperf3,bbr
bbr,4.1557,23.3487,35.9728,36.1923,4.087,0.145945,0.080404,10,sort,0.18,iperf3,bbr
bbr,4.111,30.6794,34.1757,29.4071,3.7683,0.131628,0.098063,21,sort,0.21,iperf3,bbr
bbr,2.8432,31.678,35.3586,43.0164,4.0723,0.137569,0.09616,45,sort,0.38,iperf3,bbr
bbr,2.927,23.6953,30.2189,35.7452,3.748,0.169972,0.148742,24,streaming,0.37,iperf3,bbr
bbr,2.9571,27.7119,40.9921,33.6145,4.0982,0.154966,0.096898,25,streaming,0.54,iperf3,bbr
bbr,3.2176,35.0647,39.9375,37.5342,3.4152,0.11419,0.12165,31,sort,0.78,iperf3,bbr
bbr,3.5447,35.7586,40.9222,48.5872,3.919,0.138805,0.095691,44,io,0.73,iperf3,bbr
bbr,3.3051,31.6614,43.7806,40.0329,3.6284,0.164866,0.160569,47,io,0.89,iperf3,bbr
bbr,3.7314,25.3616,26.6852,42.1947,2.9847,0.139151,0.11068,35,streaming,0.24,iperf3,bbr
bbr,2.4714,30.9722,36.5737,40.1384,2.9157,0.195386,0.168915,29,streaming,0.99,iperf3,bbr
bbr,2.7891,27.9788,37.4395,45.1,3.6047,0.177269,0.098367,21,streaming,0.59,iperf3,bbr
bbr,2.6128,28.9084,38.4641,44.8765,3.6525,0.11698,0.096253,47,streaming,0.62,iperf3,bbr
bbr,3.3578,31.5556,31.614,36.5678,3.1601,0.19526,0.123163,24,io,0.74,iperf3,bbr
bbr,3.5943,25.1308,37.0568,36.7725,3.0722,0.10418,0.113938,42,sort,0.3,iperf3,bbr
bbr,2.4762,30.6453,34.7802,47.0608,3.283,0.12478,0.100015,7,sort,0.82,iperf3,bbr
bbr,3.9311,25.6182,28.7109,39.5288,2.9515,0.158093,0.094465,6,streaming,0.26,iperf3,bbr
bbr,3.0084,27.4899,36.8674,34.7039,3.8788,0.115563,0.086045,50,io,0.21,iperf3,bbr
bbr,2.9135,36.684,33.4401,35.4944,3.7226,0.12338,0.125225,42,sort,0.76,iperf3,bbr
bbr,2.6538,33.6986,30.2787,33.7801,3.221,0.198398,0.1494,20,streaming,0.66,iperf3,bbr
bbr,3.5956,22.5401,35.2847,38.9179,3.5424,0.099284,0.125529,45,sort,0.2,iperf3,bbr
bbr,3.3059,36.351,40.1485,44.1466,3.7881,0.118789,0.130652,11,streaming,0.78,iperf3,bbr
bbr,3.5557,31.4615,40.1552,37.9913,3.3046,0.109659,0.096011,18,io,0.62,iperf3,bbr
bbr,2.5924,33.3016,42.4676,36.832,4.0024,0.176652,0.15098,33,io,0.96,iperf3,bbr
bbr,3.1762,32.5303,36.7298,33.5279,3.1321,0.117492,0.116308,32,streaming,0.57,iperf3,bbr
bbr,3.7138,28.2273,30.4465,38.7998,3.0109,0.109201,0.112426,42,sort,0.12,iperf3,bbr
bbr,2.8382,30.3209,31.5245,36.6088,3.2724,0.131797,0.12214,31,io,0.67,iperf3,bbr
bbr,3.6385,24.5256,39.6237,40.9358,3.6912,0.174553,0.113688,27,streaming,0.6,iperf3,bbr
bbr,2.7074,25.6604,31.8893,44.5267,3.0914,0.175168,0.099953,30,sort,0.52,iperf3,bbr
bbr,3.3576,28.531,40.8517,49.2372,3.3294,0.188493,0.127261,27,streaming,0.97,iperf3,bbr
bbr,2.8488,31.7546,36.9522,42.406,3.7023,0.122951,0.142513,12,io,0.86,iperf3,bbr
bbr,3.7089,31.7203,38.1083,31.507,2.9173,0.109159,0.107156,24,io,0.32,iperf3,bbr
bbr,2.5157,31.6766,31.5249,38.38,2.9067,0.20904,0.157104,38,io,0.84,iperf3,bbr
bbr,2.7776,28.2041,41.1339,36.5558,3.5217,0.135866,0.102027,39,streaming,0.79,iperf3,bbr
bbr,2.4882,26.6467,35.8364,37.279,3.3802,0.197584,0.099291,5,sort,0.87,iperf3,bbr
bbr,2.8442,23.898,38.4509,36.0074,3.7487,0.167474,0.130555,29,streaming,0.38,iperf3,bbr
bbr,3.2997,28.1068,39.379,48.3317,3.9272,0.13463,0.132125,10,io,0.73,iperf3,bbr
bbr,4.1522,28.9649,28.107,34.3755,3.1732,0.171095,0.105003,42,streaming,0.1,iperf3,bbr
bbr,2.8034,28.7574,35.7415,46.4757,3.9921,0.125701,0.134781,9,streaming,0.81,iperf3,bbr
bbr,2.7311,27.8853,35.3737,41.9801,3.5524,0.169578,0.122259,21,io,0.92,iperf3,bbr
bbr,2.9722,28.3389,33.1662,31.633,3.767,0.098375,0.097073,23,sort,0.24,iperf3,bbr
bbr,3.6914,27.5099,31.8944,42.7963,3.4346,0.107976,0.088389,11,sort,0.49,iperf3,bbr
bbr,3.1136,25.6496,26.5963,33.1839,3.1782,0.145047,0.108333,46,streaming,0.12,iperf3,bbr
bbr,3.2015,26.424,32.2037,39.5897,4.0726,0.165534,0.151646,33,io,0.78,iperf3,bbr
bbr,3.8272,27.8531,31.2731,37.0035,3.075,0.105213,0.119653,26,streaming,0.37,iperf3,bbr
bbr,3.6826,26.512,28.7841,36.4326,3.5427,0.170869,0.147841,33,io,0.33,iperf3,bbr
bbr,2.873,28.1242,39.2896,41.2843,3.0285,0.188393,0.144583,50,io,0.47,iperf3,bbr
bbr,3.1293,27.5992,37.4824,36.3018,3.7136,0.128586,0.087167,38,io,0.29,iperf3,bbr
bbr,3.6835,29.9784,33.4686,41.3747,2.8864,0.128306,0.149683,38,sort,0.49,iperf3,bbr
bbr,3.0409,29.3364,42.6278,49.3481,3.8208,0.147245,0.124993,6,sort,0.99,iperf3,bbr
bbr,3.3744,30.5743,38.0682,45.2938,4.0454,0.143338,0.155071,32,sort,0.72,iperf3,bbr
bbr,2.6865,35.1008,42.9188,43.058,2.9208,0.168005,0.144375,34,streaming,0.96,iperf3,bbr
bbr,3.0469,25.7743,39.7101,40.9061,3.9274,0.128612,0.142354,21,io,0.55,iperf3,bbr
bbr,3.5354,30.0555,34.794,31.1352,3.7598,0.111405,0.123922,16,streaming,0.23,iperf3,bbr
bbr,2.8681,28.2021,33.3967,43.7956,3.3126,0.209783,0.130147,12,streaming,0.95,iperf3,bbr
bbr,2.7918,27.766,36.7057,46.4672,3.5279,0.131514,0.117878,40,streaming,0.97,iperf3,bbr
bbr,2.997,27.3129,39.7592,43.2771,4.0434,0.104439,0.124572,16,sort,0.46,iperf3,bbr
bbr,3.8319,31.7539,37.9771,40.2455,2.866,0.181284,0.137895,16,streaming,0.27,iperf3,bbr
bbr,3.0771,26.0919,35.8951,34.444,2.938,0.156059,0.157184,6,io,0.71,iperf3,bbr
bbr,2.7975,29.0837,44.6863,36.806,3.2768,0.11964,0.09751,42,streaming,0.93,iperf3,bbr
bbr,3.3983,26.6382,29.5709,33.607,3.5709,0.169757,0.136493,33,streaming,0.28,iperf3,bbr
bbr,3.9149,26.0499,29.051,36.7496,3.5238,0.176297,0.079606,30,io,0.24,iperf3,bbr
bbr,2.7614,27.4981,35.6212,45.85,3.8711,0.167482,0.099542,43,io,0.78,iperf3,bbr
bbr,3.1402,26.8404,28.6346,40.1505,3.0739,0.171556,0.089793,41,sort,0.3,iperf3,bbr
bbr,3.2296,27.8793,29.4159,39.1808,3.8705,0.100754,0.131282,50,io,0.21,iperf3,bbr
bbr,3.4692,32.1329,33.9544,34.1792,3.6546,0.136209,0.098197,36,io,0.48,iperf3,bbr
bbr,3.5983,26.3062,32.5081,30.5165,3.9231,0.137218,0.135904,31,sort,0.34,iperf3,bbr
bbr,3.3074,35.1979,31.0871,35.3211,2.8614,0.183055,0.098843,15,io,0.77,iperf3,bbr
bbr,2.789,25.58,34.5227,45.492,3.2229,0.185733,0.13402,22,streaming,0.64,iperf3,bbr
bbr,3.9668,28.3116,29.0909,32.5073,4.0456,0.120764,0.091558,15,sort,0.33,iperf3,bbr
bbr,2.8907,30.4385,37.6652,41.0356,3.2789,0.182207,0.087196,19,streaming,0.32,iperf3,bbr
bbr,2.6801,35.81,45.5475,40.4057,3.3549,0.172493,0.142131,40,io,0.99,iperf3,bbr
bbr,3.5723,30.2801,30.2324,42.4968,3.217,0.121825,0.14387,42,streaming,0.36,iperf3,bbr
bbr,3.6661,23.8723,35.3307,42.2096,4.099,0.12499,0.092537,22,streaming,0.48,iperf3,bbr
bbr,2.6543,32.2826,36.9028,39.8229,3.597,0.144362,0.159314,43,streaming,0.78,iperf3,bbr
bbr,2.704,27.4503,36.2558,36.4016,3.4503,0.138786,0.115746,15,streaming,0.65,iperf3,bbr
bbr,3.496,26.8885,35.3172,36.8759,3.5569,0.167164,0.097538,11,streaming,0.16,iperf3,bbr
bbr,3.0347,25.4875,32.5739,40.3373,3.1389,0.146572,0.157906,22,streaming,0.63,iperf3,bbr
bbr,3.4432,29.3015,40.3243,35.9111,2.9773,0.188192,0.135698,44,streaming,0.53,iperf3,bbr
bbr,3.6623,25.964,28.3714,40.1492,3.6738,0.183038,0.148078,25,io,0.48,iperf3,bbr
bbr,2.4697,28.4509,33.2985,41.3573,3.1366,0.150647,0.094627,11,io,0.89,iperf3,bbr
bbr,3.7783,23.5949,34.7369,34.5205,3.6817,0.10419,0.138323,36,sort,0.34,iperf3,bbr
bbr,3.0458,29.871,40.7099,38.1961,3.7145,0.144082,0.105508,10,io,0.93,iperf3,bbr
bbr,3.4698,26.7855,39.0419,37.1166,4.0139,0.178853,0.128428,5,streaming,0.55,iperf3,bbr
bbr,3.3885,23.2279,33.2969,35.9649,3.5672,0.184077,0.141656,15,sort,0.37,iperf3,bbr
bbr,3.0739,25.6961,40.9359,47.0783,3.0561,0.152789,0.127889,23,sort,0.63,iperf3,bbr
bbr,2.4202,33.1789,41.4767,49.048,3.2979,0.173495,0.111332,39,io,0.96,iperf3,bbr
bbr,3.7963,28.8085,31.8774,34.9082,3.0636,0.158701,0.095424,35,io,0.25,iperf3,bbr
bbr,3.9488,25.1217,36.5581,40.3351,3.646,0.122068,0.101227,42,sort,0.21,iperf3,bbr
bbr,2.9179,25.2669,32.375,42.0292,3.5155,0.134689,0.139179,45,sort,0.45,iperf3,bbr
bbr,3.2432,29.2309,30.5686,42.3619,3.9501,0.161682,0.089711,15,io,0.47,iperf3,bbr
bbr,3.453,26.9395,38.9233,37.7186,2.8629,0.116088,0.14707,31,streaming,0.81,iperf3,bbr
bbr,3.2584,24.762,32.968,35.2011,3.8879,0.133805,0.142252,42,sort,0.45,iperf3,bbr
bbr,2.9672,28.1091,31.378,31.9159,3.7455,0.156941,0.085754,10,streaming,0.43,iperf3,bbr
bbr,3.0153,26.7611,37.5343,35.1608,3.2211,0.152014,0.093502,42,streaming,0.62,iperf3,bbr
bbr,3.7299,26.4276,27.0271,37.1188,3.4256,0.154458,0.100643,22,streaming,0.3,iperf3,bbr
bbr,3.6126,32.0099,28.8227,45.2242,3.937,0.138501,0.098527,38,sort,0.46,iperf3,bbr
bbr,2.5175,31.8432,33.5976,36.9707,3.188,0.121256,0.153815,47,io,0.74,iperf3,bbr
bbr,3.7875,23.7848,36.1475,32.0143,3.3618,0.097523,0.139186,44,streaming,0.23,iperf3,bbr
bbr,2.9467,26.8329,28.662,33.0837,2.9726,0.12945,0.141206,23,sort,0.33,iperf3,bbr
bbr,3.2071,23.2967,31.2699,40.6186,3.5031,0.134584,0.103973,7,sort,0.2,iperf3,bbr
bbr,2.9501,26.1964,31.9492,40.5769,2.9049,0.12919,0.114168,9,sort,0.48,iperf3,bbr
bbr,2.7796,29.7409,28.9922,33.5641,3.9069,0.162222,0.125775,16,io,0.53,iperf3,bbr
bbr,2.8461,24.5024,34.11,36.818,3.182,0.124025,0.133904,15,streaming,0.37,iperf3,bbr
bbr,3.3956,25.5985,29.0856,41.0208,3.5647,0.136655,0.130455,5,io,0.3,iperf3,bbr
bbr,3.8897,25.5224,28.9572,40.6024,3.0197,0.143696,0.080461,49,io,0.25,iperf3,bbr
bbr,3.2752,31.5759,32.0066,41.4795,4.0733,0.105921,0.109051,37,streaming,0.52,iperf3,bbr
bbr,3.3403,32.1237,45.0008,38.5371,3.3374,0.145285,0.119667,42,sort,0.89,iperf3,bbr
bbr,3.2366,27.1288,36.6367,37.2319,3.383,0.137987,0.151031,45,streaming,0.64,iperf3,bbr
bbr,3.0604,28.2305,40.0805,39.0445,3.1935,0.144818,0.111512,29,streaming,0.47,iperf3,bbr
bbr,4.0856,30.4313,29.6258,34.1433,3.9693,0.163457,0.084206,29,io,0.17,iperf3,bbr
bbr,3.0806,34.8736,43.957,35.7631,3.6729,0.199894,0.097856,28,io,0.78,iperf3,bbr
bbr,3.0981,26.4731,32.1285,42.2213,4.0048,0.131907,0.159031,5,sort,0.83,iperf3,bbr
bbr,2.8267,33.7986,39.9081,47.7769,3.3302,0.142904,0.110096,31,io,0.8,iperf3,bbr
bbr,2.5146,35.8937,33.9686,38.521,3.1825,0.155264,0.130798,18,io,0.78,iperf3,bbr
bbr,3.8904,27.1809,25.4854,33.4367,3.7251,0.163812,0.082095,13,io,0.12,iperf3,bbr
bbr,3.4296,30.6162,31.9524,37.2424,3.2003,0.104229,0.079031,37,streaming,0.26,iperf3,bbr
bbr,3.2748,27.2499,34.8735,36.7929,3.5962,0.179919,0.112215,18,sort,0.51,iperf3,bbr
bbr,2.9401,33.3734,38.5343,43.3106,3.9347,0.155746,0.122946,30,streaming,0.62,iperf3,bbr
bbr,4.0957,26.9206,34.6369,38.9127,3.645,0.138562,0.083291,12,io,0.12,iperf3,bbr
bbr,2.8026,34.9182,36.1015,44.7889,2.9458,0.195401,0.142349,33,streaming,0.73,iperf3,bbr
bbr,3.2952,28.8763,33.8022,33.5207,3.0523,0.167829,0.117956,5,io,0.13,iperf3,bbr
bbr,3.3422,32.015,35.1652,41.0762,3.6901,0.157403,0.123732,15,sort,0.53,iperf3,bbr
bbr,2.8341,31.4319,41.0512,43.3875,3.8148,0.127516,0.091598,5,sort,0.54,iperf3,bbr
bbr,3.3271,26.1398,36.6913,35.0887,3.1065,0.171613,0.125502,47,io,0.58,iperf3,bbr
bbr,3.6927,24.7187,30.7171,39.3363,3.6487,0.157773,0.086881,27,streaming,0.31,iperf3,bbr
bbr,3.5234,30.9829,44.5984,44.1145,2.928,0.147802,0.13383,17,sort,0.8,iperf3,bbr
bbr,4.3882,25.7553,35.6177,31.5636,3.5507,0.133,0.123073,47,io,0.1,iperf3,bbr
bbr,3.2105,34.8633,40.6184,47.6685,2.9428,0.186052,0.100598,35,streaming,0.81,iperf3,bbr
bbr,3.0958,28.0816,37.049,42.0004,3.6963,0.137976,0.132411,42,streaming,0.55,iperf3,bbr
bbr,2.5206,33.9969,35.2529,47.8065,4.0004,0.182958,0.165864,46,streaming,0.88,iperf3,bbr
bbr,2.6408,34.1332,38.8621,34.263,2.9166,0.161777,0.096952,45,io,0.56,iperf3,bbr
bbr,3.8754,24.8518,33.5429,38.0906,3.4959,0.178595,0.147213,9,io,0.37,iperf3,bbr
bbr,2.8552,25.5409,40.4365,39.9084,3.6631,0.174858,0.144402,38,io,0.51,iperf3,bbr
bbr,3.5839,23.1491,29.3277,37.8961,3.5733,0.131028,0.120562,46,streaming,0.39,iperf3,bbr
bbr,2.8573,25.8472,37.1404,40.0501,3.5894,0.121326,0.134057,29,sort,0.68,iperf3,bbr
bbr,3.2673,31.0762,33.4883,44.3182,3.5119,0.200714,0.112531,12,streaming,0.87,iperf3,bbr
bbr,3.5692,25.6415,40.1475,34.8896,3.9758,0.129197,0.103701,25,sort,0.51,iperf3,bbr
bbr,3.1295,28.1178,34.6899,50.5178,3.6996,0.201394,0.163084,10,io,0.82,iperf3,bbr
bbr,3.8436,29.8682,37.2338,31.6016,3.0516,0.170679,0.092314,43,sort,0.26,iperf3,bbr
bbr,4.282,22.4748,27.7079,32.9341,2.8598,0.136992,0.091409,33,streaming,0.12,iperf3,bbr
bbr,2.7894,29.7352,36.1639,37.9019,3.0135,0.170805,0.100227,25,sort,0.46,iperf3,bbr
bbr,3.33,25.1042,28.6401,39.2025,3.1686,0.158331,0.123105,33,sort,0.22,iperf3,bbr
bbr,3.1914,37.0058,43.0784,47.746,3.1887,0.201053,0.131949,14,io,0.81,iperf3,bbr
bbr,3.6789,31.1702,28.8485,34.0046,4.023,0.128738,0.086702,17,sort,0.21,iperf3,bbr
bbr,2.8043,31.5351,43.8998,46.1453,3.6301,0.173664,0.118838,9,streaming,0.96,iperf3,bbr
bbr,3.3326,29.5401,37.1801,40.3781,3.6822,0.110539,0.126309,21,sort,0.22,iperf3,bbr
bbr,3.3759,23.7092,31.303,37.9555,2.8625,0.132691,0.083075,34,sort,0.27,iperf3,bbr
bbr,2.9733,29.0361,45.0011,42.393,4.0808,0.211997,0.172809,47,sort,0.95,iperf3,bbr
bbr,3.417,33.0876,44.5032,43.8149,3.1179,0.190243,0.15087,30,sort,0.84,iperf3,bbr
bbr,3.4215,29.2913,31.7535,46.288,3.3911,0.136063,0.104842,38,io,0.6,iperf3,bbr
bbr,4.0993,29.8389,36.8249,40.3559,2.9682,0.114156,0.113223,17,sort,0.26,iperf3,bbr
bbr,2.4357,38.9727,38.3462,37.1339,3.9701,0.149936,0.100187,47,sort,0.98,iperf3,bbr
bbr,2.6751,32.2498,40.4385,35.2711,3.8396,0.183555,0.140698,7,io,0.73,iperf3,bbr
bbr,3.4024,27.2658,35.9205,35.9619,3.4946,0.174611,0.119355,45,sort,0.88,iperf3,bbr
bbr,2.5656,33.1319,39.0476,45.5541,3.8901,0.154607,0.105818,47,io,0.86,iperf3,bbr
bbr,2.6755,27.0776,41.148,47.702,3.0379,0.172149,0.114424,19,streaming,0.95,iperf3,bbr
bbr,4.3399,25.07,35.802,29.7695,4.0283,0.138047,0.114389,13,io,0.13,iperf3,bbr
bbr,3.3707,36.4378,39.7531,51.496,3.8697,0.184003,0.164088,30,sort,0.92,iperf3,bbr
bbr,2.7217,31.3399,32.3204,46.2904,3.4096,0.145167,0.093426,38,streaming,0.58,iperf3,bbr
bbr,3.8518,25.2565,37.9329,44.7908,3.6514,0.173889,0.144734,5,io,0.49,iperf3,bbr
bbr,3.3873,24.0948,29.4303,33.9523,2.9393,0.118066,0.126818,25,io,0.38,iperf3,bbr
bbr,2.4317,32.1189,38.5381,45.6452,2.9402,0.215703,0.12129,19,streaming,0.87,iperf3,bbr
bbr,3.6067,25.454,28.8746,41.5745,3.8908,0.170947,0.125279,9,sort,0.48,iperf3,bbr
bbr,3.1355,26.938,30.1211,37.6571,3.0785,0.13658,0.161808,22,sort,0.63,iperf3,bbr
bbr,3.0101,26.3033,35.3171,42.2309,3.4038,0.211948,0.126257,13,io,0.86,iperf3,bbr
bbr,3.5322,36.3602,43.1122,45.541,3.4369,0.145975,0.15257,43,io,0.8,iperf3,bbr
bbr,3.819,30.4651,33.308,39.5596,4.0679,0.10155,0.120373,47,io,0.16,iperf3,bbr
bbr,3.6606,22.7145,30.4181,32.1499,3.1685,0.147493,0.082587,27,sort,0.25,iperf3,bbr
bbr,3.0403,32.0379,38.2792,44.1932,3.25,0.183408,0.104611,50,io,0.56,iperf3,bbr
bbr,3.1713,28.8602,40.3553,49.3383,2.9072,0.163601,0.129373,8,io,0.82,iperf3,bbr
bbr,3.107,31.0171,27.4409,34.8994,3.9651,0.110698,0.099529,6,sort,0.36,iperf3,bbr
bbr,2.9558,36.7492,40.6109,39.7376,3.8544,0.123248,0.113906,29,streaming,1.0,iperf3,bbr
bbr,3.6461,30.9627,28.5506,38.686,3.9933,0.15165,0.111061,22,streaming,0.45,iperf3,bbr
bbr,3.3909,32.1792,36.9603,33.8655,3.3385,0.125248,0.141089,10,sort,0.67,iperf3,bbr
bbr,2.6466,32.2861,41.0691,50.4831,3.752,0.154981,0.130144,17,io,0.97,iperf3,bbr
bbr,3.7989,25.6153,28.4463,28.9424,3.984,0.16647,0.124289,32,streaming,0.15,iperf3,bbr
bbr,3.4937,30.4056,34.9407,46.226,3.5947,0.109997,0.134519,12,sort,0.54,iperf3,bbr
bbr,2.6832,33.8478,40.3988,42.6174,4.073,0.190591,0.093444,17,sort,0.64,iperf3,bbr
bbr,3.4269,29.4281,31.5605,42.099,3.5409,0.165274,0.115537,30,streaming,0.71,iperf3,bbr
bbr,2.9887,28.313,31.7192,34.2465,3.4174,0.157544,0.146744,14,sort,0.32,iperf3,bbr
bbr,3.8318,25.3758,25.3165,34.3448,3.1896,0.149739,0.093323,49,streaming,0.12,iperf3,bbr
bbr,3.2558,35.0662,42.0797,38.6725,3.6497,0.139635,0.131955,9,streaming,0.96,iperf3,bbr
bbr,2.8948,28.9076,31.3509,33.9883,3.1891,0.176153,0.113989,29,sort,0.36,iperf3,bbr
bbr,3.2313,29.4543,37.4581,49.1338,3.3187,0.121037,0.115817,5,streaming,1.0,iperf3,bbr
bbr,3.0278,26.8482,26.2818,34.1747,3.8653,0.170971,0.077336,29,io,0.22,iperf3,bbr
bbr,3.0133,32.8837,34.1074,33.3166,3.3436,0.147083,0.086379,7,streaming,0.57,iperf3,bbr
bbr,4.0752,22.5821,33.3482,32.783,2.8586,0.141111,0.084903,18,sort,0.22,iperf3,bbr
bbr,2.72,26.4501,40.0638,36.7652,2.8846,0.143211,0.089019,21,sort,0.63,iperf3,bbr
bbr,3.0036,32.6576,36.9285,38.9633,3.7192,0.134274,0.141803,41,sort,0.41,iperf3,bbr
bbr,3.6335,25.4781,38.2404,41.6882,2.9024,0.192538,0.123708,36,streaming,0.68,iperf3,bbr
bbr,2.7085,36.4436,46.1413,45.6825,3.02,0.151362,0.155985,43,sort,0.94,iperf3,bbr
bbr,3.9565,24.911,28.2861,38.0949,3.6373,0.110656,0.117902,29,io,0.35,iperf3,bbr
bbr,3.4028,25.9714,37.9262,35.0558,3.2615,0.188014,0.092724,15,io,0.41,iperf3,bbr
bbr,2.9982,26.0751,37.717,34.1603,3.7233,0.145036,0.105139,31,sort,0.64,iperf3,bbr
bbr,4.0548,24.4574,30.6359,34.7791,3.2192,0.165738,0.086262,31,io,0.19,iperf3,bbr
bbr,2.4092,28.961,43.2225,36.9825,3.4789,0.120661,0.124609,17,io,0.91,iperf3,bbr
bbr,3.0169,32.7607,38.7201,35.4146,3.4702,0.120597,0.121686,27,streaming,0.71,iperf3,bbr
bbr,2.7027,25.6092,32.349,33.7982,3.1554,0.137198,0.118281,21,sort,0.57,iperf3,bbr
bbr,4.2782,28.0731,29.5848,29.9045,3.8637,0.149909,0.138815,34,io,0.15,iperf3,bbr
bbr,3.4061,25.9974,41.7281,34.4657,3.6527,0.158161,0.130334,30,io,0.63,iperf3,bbr
bbr,3.8028,32.4745,33.4459,34.9641,3.2614,0.184112,0.123497,17,sort,0.49,iperf3,bbr
bbr,3.0464,29.5874,41.1864,43.0258,3.5326,0.11798,0.149052,8,sort,0.89,iperf3,bbr
bbr,3.5499,33.6666,42.4866,47.0897,2.9595,0.140095,0.158266,46,streaming,0.79,iperf3,bbr
bbr,3.1752,27.2353,30.7428,32.1535,3.0858,0.161958,0.121261,43,streaming,0.19,iperf3,bbr
bbr,3.3805,26.8612,38.0124,47.2021,3.2101,0.116086,0.156649,13,streaming,0.73,iperf3,bbr
bbr,3.7729,32.3757,38.3792,37.2505,3.6206,0.153208,0.094236,15,streaming,0.39,iperf3,bbr
bbr,3.4201,31.1288,31.2856,39.5731,3.2715,0.117662,0.09384,48,streaming,0.5,iperf3,bbr
bbr,3.0144,28.6905,26.4368,35.2662,3.0848,0.161011,0.089657,22,sort,0.26,iperf3,bbr
bbr,3.9882,27.6801,28.1358,38.6668,3.0354,0.153021,0.135632,35,streaming,0.36,iperf3,bbr
bbr,3.8178,26.3448,30.8917,35.7544,3.97,0.106877,0.146151,25,io,0.4,iperf3,bbr
bbr,3.4155,24.3889,35.2725,35.0529,2.8854,0.168987,0.111984,23,sort,0.49,iperf3,bbr
bbr,3.0348,29.4313,43.5523,52.781,3.7549,0.135976,0.106942,33,streaming,0.99,iperf3,bbr
bbr,2.9094,24.6719,39.813,39.4045,4.0493,0.19209,0.113608,24,streaming,0.52,iperf3,bbr
bbr,3.5048,30.5666,33.5035,40.0297,3.1463,0.19057,0.116558,25,streaming,0.76,iperf3,bbr
bbr,3.9196,23.2622,29.6776,39.117,2.8956,0.136495,0.124857,8,sort,0.25,iperf3,bbr
bbr,3.2809,28.1922,36.0432,35.4541,3.7973,0.137923,0.105173,31,io,0.22,iperf3,bbr
bbr,4.1253,29.7812,31.016,31.4159,3.9026,0.116387,0.103644,37,sort,0.22,iperf3,bbr
bbr,3.2403,33.9328,42.7075,47.1392,3.8434,0.201535,0.144672,23,io,0.7,iperf3,bbr
bbr,2.9519,29.8373,37.1068,34.7238,4.0058,0.200243,0.139163,41,io,0.62,iperf3,bbr
bbr,3.1646,31.2351,33.974,48.9808,3.8361,0.136268,0.159238,37,sort,0.71,iperf3,bbr
bbr,3.581,32.8029,38.4327,32.0535,3.2014,0.167189,0.130862,14,sort,0.48,iperf3,bbr
bbr,2.7553,27.6249,41.6635,50.4384,3.1703,0.153498,0.102943,15,io,0.84,iperf3,bbr
bbr,3.2714,35.3839,41.4531,35.5794,3.9329,0.122969,0.137972,40,sort,0.75,iperf3,bbr
bbr,2.6353,26.9203,33.2833,47.1879,3.395,0.190075,0.170007,15,streaming,0.94,iperf3,bbr
bbr,3.9844,31.0253,34.1491,33.2754,3.471,0.110411,0.135609,45,streaming,0.22,iperf3,bbr
bbr,3.8163,29.1548,34.4023,30.4792,3.4906,0.138849,0.087113,13,io,0.25,iperf3,bbr
bbr,3.6883,28.4885,27.2815,38.569,4.0648,0.122458,0.104544,8,sort,0.28,iperf3,bbr
bbr,3.9099,25.4349,36.9695,39.5424,3.3114,0.130547,0.135759,41,streaming,0.45,iperf3,bbr
bbr,3.0213,32.9133,33.9123,39.6733,3.4036,0.134669,0.145675,29,io,0.64,iperf3,bbr
bbr,3.5718,31.5226,36.4911,41.0755,3.4048,0.114624,0.132097,8,sort,0.27,iperf3,bbr
bbr,3.0356,27.9272,32.7223,41.7558,2.8579,0.158092,0.121498,25,streaming,0.86,iperf3,bbr
bbr,3.0464,36.2754,35.1645,44.6404,3.5023,0.151862,0.115993,27,sort,0.76,iperf3,bbr
bbr,2.5039,37.8635,35.4731,42.6836,2.8558,0.122872,0.136317,26,io,0.9,iperf3,bbr
bbr,3.5651,33.3438,32.8024,33.5459,2.9378,0.142363,0.104536,11,io,0.57,iperf3,bbr
bbr,4.016,24.3854,35.1412,37.1844,3.4393,0.121381,0.086989,17,io,0.24,iperf3,bbr
bbr,4.0283,31.8874,26.8047,40.1231,3.8947,0.167048,0.136778,9,io,0.28,iperf3,bbr
bbr,3.1586,24.2863,36.3766,43.5721,3.1835,0.18803,0.121277,31,streaming,0.51,iperf3,bbr
bbr,4.0525,24.3501,26.0382,36.3818,3.5173,0.096423,0.114405,22,streaming,0.15,iperf3,bbr
bbr,2.7789,32.1775,38.6873,41.2323,2.9314,0.172599,0.137221,41,streaming,0.77,iperf3,bbr
bbr,3.2929,30.4348,33.9545,40.0198,3.1109,0.156415,0.115567,5,streaming,0.89,iperf3,bbr
bbr,3.3651,26.3576,36.6304,40.962,3.4641,0.186345,0.148095,5,streaming,0.37,iperf3,bbr
bbr,3.3221,34.8864,36.9363,43.0662,3.9595,0.163277,0.133863,40,io,0.62,iperf3,bbr
bbr,4.3111,21.185,33.4108,31.7357,3.0326,0.163657,0.129943,19,sort,0.14,iperf3,bbr
bbr,3.2966,34.226,43.3864,41.8974,3.1992,0.206222,0.097287,17,io,0.97,iperf3,bbr
bbr,2.4682,27.4152,41.8737,45.8746,3.4378,0.16945,0.129791,44,streaming,0.86,iperf3,bbr
bbr,3.5349,23.9206,38.8994,41.5367,4.091,0.163303,0.133103,17,streaming,0.43,iperf3,bbr
bbr,4.0643,22.0743,31.7414,37.9417,3.4989,0.123797,0.106506,22,sort,0.1,iperf3,bbr
bbr,3.1586,27.7354,28.4238,41.5957,3.3856,0.155896,0.100066,40,io,0.2,iperf3,bbr
bbr,3.6447,25.0076,33.1315,38.1098,4.0093,0.121651,0.142537,33,sort,0.44,iperf3,bbr
bbr,3.3721,23.8645,33.3944,38.4443,3.6518,0.154848,0.103108,38,streaming,0.27,iperf3,bbr
bbr,2.8693,32.6917,36.3249,38.5111,3.3257,0.155309,0.122465,24,streaming,0.93,iperf3,bbr
bbr,3.4176,23.7667,33.4403,33.8886,3.0156,0.168712,0.098946,35,sort,0.47,iperf3,bbr
bbr,3.5918,27.1852,37.2057,40.6131,3.1337,0.151684,0.114372,7,sort,0.21,iperf3,bbr
bbr,2.8542,28.4948,41.2553,42.5315,3.6462,0.117927,0.158632,22,io,0.74,iperf3,bbr
bbr,3.068,34.1436,32.2768,47.4514,3.3748,0.146449,0.108341,38,io,0.83,iperf3,bbr
bbr,3.6897,27.8253,35.1651,38.3685,3.4273,0.099982,0.113516,25,sort,0.17,iperf3,bbr
bbr,3.3048,27.2139,35.2819,41.096,3.7393,0.141836,0.114517,40,streaming,0.54,iperf3,bbr
bbr,3.5601,26.5719,29.0982,30.3294,3.0431,0.09981,0.111022,10,io,0.29,iperf3,bbr
bbr,3.4245,22.9322,27.5848,37.7405,3.6839,0.099122,0.133856,10,sort,0.24,iperf3,bbr
bbr,2.7305,34.3164,37.5659,40.7153,3.6535,0.186154,0.14425,11,sort,0.59,iperf3,bbr
bbr,3.5839,24.4476,39.5345,32.7248,3.3511,0.172423,0.1478,43,streaming,0.56,iperf3,bbr
bbr,3.0845,26.5342,27.7641,38.2376,3.5858,0.104865,0.11009,19,streaming,0.13,iperf3,bbr
bbr,3.4997,31.4221,31.9104,34.1419,3.9768,0.176644,0.09538,25,sort,0.3,iperf3,bbr
bbr,3.4454,25.9255,30.0256,35.0939,3.761,0.111746,0.137509,26,io,0.14,iperf3,bbr
bbr,2.7687,28.1208,30.6848,32.6726,3.0622,0.173226,0.145144,18,io,0.42,iperf3,bbr
bbr,3.4045,21.9346,35.4125,33.1284,3.6942,0.097907,0.08448,10,io,0.19,iperf3,bbr
bbr,3.3285,33.5708,31.9274,36.6539,3.8768,0.13141,0.108639,37,sort,0.57,iperf3,bbr
bbr,3.743,27.6312,33.1216,39.7806,2.9129,0.192284,0.093566,14,streaming,0.58,iperf3,bbr
bbr,3.1998,36.9098,35.056,44.81,3.4038,0.1519,0.15622,39,sort,0.94,iperf3,bbr
bbr,2.6207,31.6734,41.1288,39.9951,3.4069,0.114421,0.153735,19,sort,0.64,iperf3,bbr
bbr,3.4588,31.8232,34.6336,41.258,3.178,0.202706,0.131758,23,io,0.67,iperf3,bbr
bbr,4.1231,24.9406,34.7262,40.2831,3.8671,0.098324,0.088326,13,streaming,0.12,iperf3,bbr
bbr,2.8176,30.2371,38.4186,46.2599,3.2926,0.198593,0.115322,50,io,0.65,iperf3,bbr
bbr,3.3303,34.6767,41.5159,39.8905,3.4852,0.216267,0.157755,18,sort,0.93,iperf3,bbr
bbr,3.1277,26.4391,38.0345,48.257,3.6764,0.174552,0.166918,19,streaming,0.74,iperf3,bbr
bbr,2.9716,30.6858,35.434,31.0364,3.2825,0.161208,0.115341,42,io,0.3,iperf3,bbr
bbr,2.723,28.5152,30.9857,36.0418,3.3292,0.146943,0.102025,16,io,0.49,iperf3,bbr
bbr,3.3143,31.9307,37.9467,44.2862,4.0011,0.159998,0.147632,44,io,0.75,iperf3,bbr
bbr,3.5251,24.795,36.7148,40.6545,2.9448,0.149965,0.102942,40,streaming,0.2,iperf3,bbr
bbr,4.1623,22.2427,34.4274,32.5667,3.1906,0.133044,0.12063,8,io,0.16,iperf3,bbr
bbr,3.4149,27.6426,36.9607,41.0226,2.8809,0.208092,0.135322,13,io,0.73,iperf3,bbr
bbr,3.3889,34.9474,41.6061,43.9191,2.8845,0.121488,0.156923,45,io,0.58,iperf3,bbr
bbr,2.797,30.4597,34.8375,40.8614,3.0827,0.151014,0.094945,29,sort,0.41,iperf3,bbr
bbr,3.3838,27.7564,33.7835,38.2889,2.9461,0.117912,0.106888,30,streaming,0.51,iperf3,bbr
bbr,2.5681,37.8794,32.5272,48.6547,3.897,0.131773,0.151249,19,io,0.92,iperf3,bbr
bbr,3.4963,23.3172,38.8887,40.2222,4.0641,0.147403,0.141048,36,sort,0.34,iperf3,bbr
bbr,2.7721,27.9938,33.3239,32.2689,3.0358,0.129221,0.139203,12,sort,0.42,iperf3,bbr
bbr,3.5749,24.7733,36.4828,35.3139,3.4213,0.173459,0.142652,32,streaming,0.35,iperf3,bbr
bbr,3.3223,30.9035,32.5532,44.4336,3.1567,0.192844,0.124358,9,streaming,0.89,iperf3,bbr
bbr,3.44,31.4427,40.971,42.3147,3.2938,0.17893,0.134325,36,io,0.61,iperf3,bbr
bbr,3.4616,28.2239,31.602,43.2788,2.8815,0.200895,0.163897,40,io,0.72,iperf3,bbr
bbr,3.6844,26.3265,28.3148,40.8125,3.1091,0.183064,0.148662,23,streaming,0.39,iperf3,bbr
bbr,3.2937,31.4995,34.1474,44.6546,3.5189,0.176733,0.119278,20,io,0.93,iperf3,bbr
bbr,2.6227,31.2983,37.7967,48.3007,2.9533,0.189815,0.119551,17,streaming,0.96,iperf3,bbr
bbr,3.0703,28.4883,32.941,36.2521,3.4321,0.16464,0.091333,13,streaming,0.23,iperf3,bbr
bbr,2.7109,33.3047,35.8063,42.7242,3.6623,0.160003,0.135152,8,streaming,0.89,iperf3,bbr
bbr,3.0671,26.0425,40.1189,42.3186,4.0555,0.120497,0.105661,10,io,0.73,iperf3,bbr
bbr,3.0834,27.3203,34.0146,33.3137,2.9785,0.171175,0.115057,40,streaming,0.39,iperf3,bbr
bbr,3.1092,27.1647,30.2341,35.5233,3.3779,0.105055,0.125051,8,io,0.17,iperf3,bbr
bbr,3.4866,23.5487,38.9346,43.2192,3.6697,0.125852,0.140942,9,sort,0.47,iperf3,bbr
bbr,2.9511,30.9158,28.1238,31.9295,3.0796,0.107903,0.150289,32,io,0.44,iperf3,bbr
bbr,3.1352,30.4174,41.5332,46.409,3.9935,0.131169,0.117015,11,sort,0.89,iperf3,bbr
bbr,2.9975,25.3957,26.253,33.0869,3.1689,0.155522,0.113176,6,streaming,0.19,iperf3,bbr
bbr,3.5139,23.8926,35.4652,35.6936,3.0096,0.164856,0.094334,7,io,0.19,iperf3,bbr
bbr,3.2359,34.2463,35.3159,39.5998,3.3144,0.13487,0.098622,47,streaming,0.99,iperf3,bbr
bbr,3.4131,26.9443,33.6021,42.7673,3.1101,0.169532,0.105782,46,streaming,0.77,iperf3,bbr
bbr,3.5521,31.2691,27.7902,32.5426,3.1528,0.14736,0.100371,31,streaming,0.26,iperf3,bbr
bbr,2.6674,28.605,36.9359,38.5289,3.8543,0.169917,0.122064,5,io,0.71,iperf3,bbr
bbr,3.5457,26.1823,29.5413,39.4723,3.7611,0.146161,0.101779,32,sort,0.26,iperf3,bbr
bbr,3.2074,32.7946,42.6324,38.4375,3.6763,0.167492,0.139843,16,sort,0.78,iperf3,bbr
bbr,2.9644,33.9962,31.061,43.735,4.0958,0.202647,0.118538,26,streaming,0.66,iperf3,bbr
bbr,2.9062,32.7473,34.4658,35.3967,3.8335,0.189566,0.12477,44,streaming,0.61,iperf3,bbr
bbr,2.7003,29.8582,43.0983,41.9383,3.1603,0.204267,0.15117,15,io,0.92,iperf3,bbr
bbr,3.7615,32.2162,38.3579,36.009,3.7486,0.158092,0.10379,40,io,0.36,iperf3,bbr
bbr,3.3898,28.9954,39.3832,46.0378,3.5697,0.191598,0.142814,14,sort,0.62,iperf3,bbr
bbr,3.7339,26.618,38.3576,32.7328,2.9777,0.141529,0.091277,34,sort,0.36,iperf3,bbr
bbr,3.4005,37.4847,42.1123,44.2746,3.1295,0.144186,0.168986,23,sort,0.88,iperf3,bbr
bbr,3.3063,27.9574,36.5182,32.123,3.8301,0.139133,0.12166,23,io,0.47,iperf3,bbr
bbr,3.3302,31.1527,39.142,44.1345,3.8332,0.115639,0.093926,19,sort,0.61,iperf3,bbr
bbr,2.6198,29.5951,40.6717,43.8738,3.7173,0.120071,0.108031,36,sort,0.71,iperf3,bbr
bbr,2.5849,26.7637,40.8056,47.2033,3.8156,0.208666,0.113987,44,io,0.83,iperf3,bbr
bbr,3.8406,32.9593,28.5528,44.3887,3.3321,0.12898,0.098383,13,io,0.48,iperf3,bbr
bbr,2.759,29.4992,43.5792,49.2645,3.4014,0.139059,0.149013,14,io,0.98,iperf3,bbr
bbr,2.6647,35.1524,34.8026,46.0596,3.1051,0.192888,0.137336,34,sort,0.77,iperf3,bbr
bbr,4.041,27.3638,36.3953,29.5014,3.3431,0.14339,0.110291,47,sort,0.22,iperf3,bbr
bbr,3.1255,27.4172,33.5822,33.7329,3.2139,0.13192,0.115932,33,sort,0.17,iperf3,bbr
bbr,2.7656,37.8552,35.8898,42.0614,3.5991,0.123827,0.175293,11,streaming,0.99,iperf3,bbr
bbr,2.9395,25.8273,34.6606,37.0316,3.1889,0.145835,0.12841,10,sort,0.25,iperf3,bbr
bbr,3.2201,24.8185,32.169,38.6823,3.8906,0.15328,0.09225,48,streaming,0.28,iperf3,bbr
bbr,3.1608,30.8867,33.7195,39.8942,2.9594,0.10561,0.085113,32,streaming,0.35,iperf3,bbr
bbr,2.6986,34.5068,40.329,33.7293,3.3494,0.195092,0.127148,50,streaming,0.54,iperf3,bbr
bbr,2.68,24.9342,40.6216,42.8887,4.0025,0.192659,0.090168,38,sort,0.63,iperf3,bbr
bbr,3.5749,34.4892,34.6481,41.0152,2.8898,0.198164,0.151938,43,io,0.61,iperf3,bbr
bbr,3.2028,30.0506,33.9963,31.8216,3.9683,0.168684,0.094347,21,io,0.14,iperf3,bbr
bbr,2.6194,28.8923,37.8642,46.85,3.5558,0.185267,0.133244,42,streaming,0.9,iperf3,bbr
bbr,3.459,22.2856,34.7664,30.3285,3.7264,0.102289,0.108547,18,sort,0.19,iperf3,bbr
bbr,2.5084,34.4535,44.758,48.6348,4.0946,0.147791,0.131139,5,sort,0.89,iperf3,bbr
bbr,3.6129,28.2745,29.6968,31.1952,3.8996,0.135368,0.119791,25,sort,0.25,iperf3,bbr
bbr,4.1354,22.4613,36.7408,32.1018,3.394,0.166183,0.101247,29,io,0.22,iperf3,bbr
bbr,3.0257,23.5314,34.0349,43.831,2.8955,0.156012,0.101597,12,io,0.37,iperf3,bbr
bbr,2.678,31.4544,33.8942,37.5842,3.0384,0.144124,0.15553,9,io,0.69,iperf3,bbr
bbr,3.5184,27.881,31.2264,43.3559,3.3905,0.176419,0.120037,31,streaming,0.74,iperf3,bbr
bbr,3.0031,35.065,31.5095,42.3909,3.7735,0.190414,0.086417,45,io,0.59,iperf3,bbr
bbr,3.6124,23.9033,36.5515,39.4146,3.5955,0.156858,0.118932,27,io,0.43,iperf3,bbr
bbr,3.0378,29.5032,40.1205,34.9442,2.9216,0.137403,0.125782,45,sort,0.48,iperf3,bbr
bbr,2.9906,29.2521,39.321,40.3029,3.3058,0.187125,0.112597,14,io,0.73,iperf3,bbr
bbr,2.894,34.7613,37.9797,41.696,3.0153,0.181989,0.125728,6,streaming,0.87,iperf3,bbr
bbr,3.4231,29.0885,28.0186,41.8822,3.6664,0.123086,0.137032,5,streaming,0.33,iperf3,bbr
bbr,2.8659,38.6527,38.7126,39.6633,2.8993,0.192741,0.133104,11,io,0.99,iperf3,bbr
bbr,3.4277,37.9298,37.5725,44.3065,2.9224,0.144623,0.172,11,streaming,0.89,iperf3,bbr
bbr,2.8187,28.9985,30.9607,39.5722,2.9878,0.138245,0.14277,15,sort,0.54,iperf3,bbr
bbr,3.6321,23.5491,32.5699,33.1221,3.519,0.135455,0.134519,38,streaming,0.23,iperf3,bbr
bbr,3.6345,24.9839,26.5358,31.0444,3.7569,0.144195,0.108527,12,sort,0.27,iperf3,bbr
bbr,3.7302,31.5844,30.9552,30.6145,3.9154,0.16473,0.0924,33,streaming,0.31,iperf3,bbr
bbr,3.18,33.0442,34.0143,49.296,3.8385,0.162916,0.1044,49,streaming,0.93,iperf3,bbr
bbr,3.3699,33.4377,32.826,48.3683,3.5042,0.121836,0.170612,6,io,0.94,iperf3,bbr
bbr,3.3683,27.5584,35.6457,49.1522,4.0282,0.140911,0.099499,26,streaming,0.87,iperf3,bbr
bbr,3.2445,32.3721,44.3615,50.2741,3.1771,0.164045,0.126461,34,streaming,0.88,iperf3,bbr
bbr,2.963,23.1051,28.3083,37.5743,3.5433,0.153205,0.082029,19,sort,0.36,iperf3,bbr
bbr,3.5461,32.0506,40.5094,35.1194,4.0934,0.159152,0.136728,12,io,0.78,iperf3,bbr
bbr,2.7814,32.4612,39.8116,44.6887,3.162,0.19885,0.107323,30,streaming,0.7,iperf3,bbr
bbr,2.9393,28.3403,33.894,38.4433,3.4651,0.144304,0.130454,49,streaming,0.64,iperf3,bbr
bbr,3.2957,27.9174,43.1286,34.8453,3.3727,0.208516,0.13564,8,sort,0.79,iperf3,bbr
bbr,3.5092,31.0804,41.045,40.5986,3.3204,0.181764,0.119363,31,io,0.72,iperf3,bbr
bbr,3.2105,26.6673,34.1418,32.7533,3.3477,0.118305,0.114176,19,streaming,0.51,iperf3,bbr
bbr,2.7848,29.6848,35.1754,33.8129,3.1237,0.106204,0.10356,35,sort,0.48,iperf3,bbr
bbr,3.1726,32.6909,42.0352,38.9239,3.2254,0.187747,0.128915,16,sort,0.75,iperf3,bbr
bbr,3.4265,29.7609,30.4534,32.9057,3.1619,0.120037,0.116895,7,streaming,0.39,iperf3,bbr
bbr,3.6893,25.734,35.8054,35.2003,4.027,0.134511,0.087647,39,io,0.35,iperf3,bbr
bbr,3.1123,32.6977,38.8913,36.3286,3.8917,0.151009,0.107937,15,io,0.4,iperf3,bbr
bbr,3.3716,25.0507,36.3159,33.5828,3.0292,0.16859,0.126678,23,io,0.35,iperf3,bbr
bbr,3.7778,26.4458,34.3673,42.4066,3.5056,0.122363,0.101627,13,streaming,0.42,iperf3,bbr
bbr,2.7864,34.311,37.7262,34.722,3.0461,0.154928,0.158897,43,io,0.64,iperf3,bbr
bbr,2.967,22.5752,31.409,41.3098,3.0697,0.106009,0.122088,42,streaming,0.22,iperf3,bbr
bbr,3.3811,24.0596,36.3981,40.6315,3.3441,0.179808,0.132701,7,io,0.26,iperf3,bbr
bbr,3.2219,34.0584,39.6392,41.4149,3.8244,0.204147,0.096468,14,streaming,0.97,iperf3,bbr
bbr,3.8997,21.628,31.8404,36.6554,3.1133,0.143353,0.10636,36,streaming,0.14,iperf3,bbr
bbr,2.9746,27.5471,27.8297,36.3699,3.2758,0.103011,0.085453,26,streaming,0.18,iperf3,bbr
bbr,3.549,30.4754,28.7594,41.6937,3.2912,0.156112,0.082662,33,sort,0.44,iperf3,bbr
bbr,3.5175,26.1331,29.5179,44.7729,3.279,0.183726,0.103225,19,sort,0.62,iperf3,bbr
bbr,3.8338,25.7898,35.9883,35.6497,2.943,0.121486,0.094473,23,io,0.17,iperf3,bbr
bbr,2.445,34.7541,39.9754,50.1034,3.2897,0.18342,0.148456,11,io,0.85,iperf3,bbr
bbr,2.8511,32.6717,45.8456,47.4829,3.2738,0.15356,0.148391,46,sort,0.93,iperf3,bbr
bbr,2.4626,26.9686,40.0727,44.7385,3.8758,0.183409,0.132883,8,io,0.91,iperf3,bbr
bbr,3.6597,29.9794,30.1618,35.1873,3.693,0.13891,0.127915,48,streaming,0.47,iperf3,bbr
bbr,2.7833,36.5187,41.0932,39.4295,3.1563,0.133905,0.150433,12,streaming,0.93,iperf3,bbr
bbr,2.7943,33.6807,34.1175,42.0986,3.7496,0.167648,0.113452,19,sort,0.59,iperf3,bbr
bbr,2.473,36.6551,40.6131,39.1357,2.8987,0.213384,0.114434,26,streaming,0.92,iperf3,bbr
bbr,3.0813,31.9852,43.4258,37.2087,3.1529,0.182854,0.107819,21,streaming,0.8,iperf3,bbr
bbr,3.4739,28.8856,33.1402,40.5441,3.0072,0.147643,0.152979,50,sort,0.49,iperf3,bbr
bbr,3.6501,24.5229,35.1397,35.9235,3.5616,0.175009,0.103004,18,io,0.33,iperf3,bbr
bbr,2.4227,27.9582,36.0409,50.0133,3.8672,0.200222,0.10814,32,streaming,0.93,iperf3,bbr
bbr,3.2437,32.2704,38.8603,43.644,3.3098,0.174831,0.117338,22,streaming,0.45,iperf3,bbr
bbr,3.0568,30.9997,30.4616,43.7807,3.3056,0.135252,0.14555,29,io,0.38,iperf3,bbr
bbr,2.8645,29.6128,33.604,39.7504,3.0546,0.186295,0.13125,50,io,0.65,iperf3,bbr
bbr,2.7703,27.3906,29.5788,31.4542,3.3654,0.114215,0.122237,25,streaming,0.43,iperf3,bbr
bbr,3.7672,24.7747,36.2285,43.4401,3.8065,0.169456,0.144412,50,io,0.44,iperf3,bbr
bbr,3.7557,31.8249,37.7148,41.1724,3.5793,0.125889,0.134906,22,sort,0.54,iperf3,bbr
bbr,2.5503,27.7247,37.8232,47.9661,3.3129,0.117408,0.105394,17,streaming,0.88,iperf3,bbr
bbr,3.3725,32.5656,35.5516,42.2199,3.6842,0.16086,0.100259,27,io,0.36,iperf3,bbr
bbr,2.9332,37.3861,34.5476,38.5324,3.4986,0.191998,0.100374,6,sort,0.98,iperf3,bbr
bbr,3.6479,23.4758,30.0241,37.2317,3.9002,0.177401,0.142173,20,sort,0.28,iperf3,bbr
bbr,3.8119,23.6148,27.1739,37.2678,3.728,0.124288,0.126317,30,sort,0.27,iperf3,bbr
bbr,3.1737,28.1939,33.9792,35.5599,3.0245,0.184852,0.156381,38,sort,0.54,iperf3,bbr
bbr,2.8367,33.8357,39.2956,43.3986,2.8824,0.189281,0.087004,48,streaming,0.48,iperf3,bbr
bbr,3.6919,25.5831,39.518,43.8275,3.9362,0.125908,0.15875,18,sort,0.57,iperf3,bbr
bbr,3.5046,27.5433,40.0876,38.9803,4.0223,0.166217,0.126813,36,io,0.48,iperf3,bbr
bbr,2.5933,27.8364,30.7401,39.526,3.6955,0.171563,0.11244,32,sort,0.75,iperf3,bbr
bbr,2.5457,33.0617,36.9945,42.3862,3.5593,0.201121,0.102974,17,sort,0.89,iperf3,bbr
bbr,3.3977,30.1212,36.6158,41.4828,3.3166,0.16472,0.141321,5,sort,0.23,iperf3,bbr
bbr,3.3637,22.4188,29.5534,40.2786,3.7433,0.167146,0.11735,39,io,0.17,iperf3,bbr
bbr,3.41,35.0577,39.8806,47.6985,3.7682,0.146021,0.145143,8,streaming,0.89,iperf3,bbr
bbr,3.112,26.1396,31.8022,37.4437,2.9435,0.118632,0.102923,38,io,0.35,iperf3,bbr
bbr,2.8642,32.0221,36.2129,40.4551,3.2891,0.115079,0.091467,45,streaming,0.67,iperf3,bbr
bbr,3.7322,23.8854,28.2657,29.664,3.9001,0.12854,0.090846,10,io,0.11,iperf3,bbr
bbr,2.393,37.6521,43.7802,47.1136,3.3548,0.182067,0.15285,46,sort,0.97,iperf3,bbr
bbr,3.2874,30.2332,31.8784,42.0184,3.3354,0.206622,0.129616,32,io,0.73,iperf3,bbr
bbr,3.6927,29.4415,30.3084,33.724,3.7688,0.138246,0.119945,15,sort,0.2,iperf3,bbr
bbr,3.7462,30.9551,38.9484,36.3994,4.073,0.122551,0.096772,27,io,0.47,iperf3,bbr
bbr,3.207,29.6558,35.8209,36.0013,3.3108,0.14527,0.106705,20,streaming,0.68,iperf3,bbr
bbr,3.4704,30.0908,33.1693,38.8547,3.6733,0.117569,0.154561,49,sort,0.62,iperf3,bbr
dctcp,7.8673,0.8599,1.0233,1.1095,0.0973,0.001038,0.000858,18,sort,0.53,synthetic,dctcp
dctcp,8.8774,0.7772,0.8296,0.9258,0.1117,0.00071,0.000811,32,streaming,0.1,synthetic,dctcp
dctcp,8.2283,0.7763,1.0906,1.3864,0.1076,0.00083,0.000645,38,sort,0.63,synthetic,dctcp
dctcp,9.4469,0.9152,0.8043,1.1936,0.1115,0.001238,0.000552,41,io,0.43,synthetic,dctcp
dctcp,9.5838,1.0145,1.1855,1.4843,0.0901,0.001376,0.00109,35,streaming,0.93,synthetic,dctcp
dctcp,8.5536,0.9521,1.1936,1.1326,0.1094,0.000957,0.000779,49,io,0.81,synthetic,dctcp
dctcp,8.8252,0.8282,0.8844,1.3414,0.0823,0.001342,0.000679,8,sort,0.76,synthetic,dctcp
dctcp,9.7303,0.7676,1.0208,1.2226,0.0898,0.00122,0.000645,47,sort,0.84,synthetic,dctcp
dctcp,9.9355,0.9511,0.8641,1.2664,0.1154,0.001141,0.000774,12,sort,0.54,synthetic,dctcp
dctcp,9.3581,0.7305,1.0112,1.3261,0.0946,0.000998,0.000988,31,sort,0.71,synthetic,dctcp
dctcp,10.2749,0.819,0.9693,1.043,0.0924,0.000826,0.000546,50,sort,0.37,synthetic,dctcp
dctcp,11.2275,0.879,1.1358,1.3805,0.0957,0.001104,0.00064,34,streaming,0.43,synthetic,dctcp
dctcp,8.0281,0.9404,1.078,1.3754,0.0908,0.001126,0.000594,6,sort,0.66,synthetic,dctcp
dctcp,9.6278,0.7108,0.8204,1.0116,0.0997,0.001062,0.000602,26,io,0.43,synthetic,dctcp
dctcp,9.1327,0.6009,0.9558,1.2241,0.0971,0.000639,0.000512,30,sort,0.13,synthetic,dctcp
dctcp,10.5291,0.8259,1.0937,1.3398,0.1035,0.001185,0.000974,18,sort,0.41,synthetic,dctcp
dctcp,10.134,0.8099,0.892,1.2882,0.1036,0.000719,0.000784,35,io,0.3,synthetic,dctcp
dctcp,8.8138,0.9663,1.1114,1.4289,0.1175,0.000963,0.000719,20,io,0.61,synthetic,dctcp
dctcp,9.8162,0.7499,1.2948,1.3164,0.087,0.001203,0.000839,14,streaming,0.83,synthetic,dctcp
dctcp,8.1206,0.8842,0.9973,1.4912,0.1145,0.001409,0.000871,13,streaming,0.8,synthetic,dctcp
dctcp,11.0262,0.8186,1.0389,1.2149,0.0827,0.000895,0.000559,24,streaming,0.36,synthetic,dctcp
dctcp,9.8976,0.7929,1.094,1.2992,0.0942,0.000875,0.000666,12,io,0.7,synthetic,dctcp
dctcp,8.587,0.6644,1.0396,1.2818,0.1176,0.000881,0.000753,46,sort,0.46,synthetic,dctcp
dctcp,8.7354,0.986,1.2868,1.5029,0.0852,0.000828,0.001021,42,io,0.92,synthetic,dctcp
dctcp,10.9533,0.6041,0.8768,0.9247,0.0821,0.001132,0.000868,39,sort,0.15,synthetic,dctcp
dctcp,8.4061,1.0713,1.0304,1.4673,0.092,0.001028,0.001121,43,streaming,0.97,synthetic,dctcp
dctcp,9.341,0.9052,0.9787,1.4991,0.1074,0.001171,0.000824,10,sort,0.78,synthetic,dctcp
dctcp,9.6587,0.766,0.9946,1.14,0.1112,0.000742,0.000592,45,io,0.32,synthetic,dctcp
dctcp,9.0099,0.9366,1.0907,1.1116,0.0985,0.001115,0.000681,34,streaming,0.49,synthetic,dctcp
dctcp,9.8437,0.7971,1.3049,1.5034,0.0852,0.001427,0.000983,18,io,0.86,synthetic,dctcp
dctcp,8.115,0.9612,1.0372,1.473,0.1038,0.001139,0.000743,13,sort,0.71,synthetic,dctcp
dctcp,12.312,0.7901,0.7894,1.0579,0.0904,0.001178,0.000827,27,sort,0.19,synthetic,dctcp
dctcp,7.7278,0.938,1.0264,1.3513,0.0855,0.001051,0.000792,13,sort,0.68,synthetic,dctcp
dctcp,9.9923,0.7594,1.2194,1.2376,0.1009,0.001162,0.000773,10,sort,0.69,synthetic,dctcp
dctcp,10.0153,0.95,0.9466,1.4912,0.0882,0.000857,0.000824,32,io,0.76,synthetic,dctcp
dctcp,9.5509,0.8201,1.0676,1.1773,0.0963,0.00127,0.001035,25,sort,0.5,synthetic,dctcp
dctcp,11.8112,0.7672,1.0555,1.1251,0.1039,0.000905,0.000776,20,sort,0.25,synthetic,dctcp
dctcp,8.7546,0.7639,1.0363,1.3077,0.0987,0.001055,0.00113,36,sort,0.83,synthetic,dctcp
dctcp,9.8449,0.6974,1.0022,1.3734,0.1012,0.000874,0.000986,50,streaming,0.44,synthetic,dctcp
dctcp,7.2395,0.8887,1.2951,1.4996,0.0939,0.00117,0.000738,9,io,0.95,synthetic,dctcp
dctcp,8.6191,1.0576,1.0776,1.3147,0.1109,0.001161,0.000878,46,streaming,0.96,synthetic,dctcp
dctcp,10.5357,0.6073,1.0322,1.0374,0.0836,0.001029,0.00059,22,io,0.2,synthetic,dctcp
dctcp,8.0932,0.9652,1.0619,1.4214,0.0946,0.001016,0.000607,19,sort,0.63,synthetic,dctcp
dctcp,9.3042,0.6969,0.9029,1.4365,0.0942,0.000746,0.000916,30,streaming,0.68,synthetic,dctcp
dctcp,8.5769,0.7793,1.2061,1.0983,0.1058,0.001172,0.000698,16,streaming,0.85,synthetic,dctcp
dctcp,9.9304,0.663,0.7981,1.1343,0.0958,0.001139,0.000524,36,streaming,0.25,synthetic,dctcp
dctcp,10.4424,0.938,1.1623,1.4491,0.1054,0.001006,0.000722,41,streaming,0.68,synthetic,dctcp
dctcp,9.3678,0.8869,1.0518,1.4177,0.1071,0.000899,0.000987,49,streaming,0.51,synthetic,dctcp
dctcp,11.5025,0.6725,1.0492,1.2648,0.0952,0.000854,0.000843,36,sort,0.18,synthetic,dctcp
dctcp,9.5796,0.8694,1.0477,1.0822,0.0929,0.001199,0.000631,26,sort,0.33,synthetic,dctcp
dctcp,8.458,0.8381,1.094,1.3069,0.1116,0.000981,0.001053,17,io,0.75,synthetic,dctcp
dctcp,8.9838,0.9355,1.0835,1.4351,0.1058,0.001331,0.000927,32,io,0.7,synthetic,dctcp
dctcp,10.1198,0.7548,1.2321,1.411,0.1006,0.000887,0.000603,47,io,0.67,synthetic,dctcp
dctcp,8.2239,0.87,1.2669,1.5092,0.0925,0.000874,0.001082,31,io,0.83,synthetic,dctcp
dctcp,8.9311,0.9187,1.1452,1.2108,0.1134,0.001236,0.001129,49,sort,0.79,synthetic,dctcp
dctcp,8.1426,0.643,1.0482,1.0825,0.1108,0.000889,0.000879,43,sort,0.4,synthetic,dctcp
dctcp,9.8718,0.6529,1.0358,0.9337,0.0891,0.000745,0.000959,43,io,0.26,synthetic,dctcp
dctcp,7.3305,0.857,0.9776,1.4124,0.1147,0.001308,0.000914,22,sort,0.78,synthetic,dctcp
dctcp,9.5823,0.9829,0.8636,1.2895,0.083,0.001002,0.000758,27,io,0.67,synthetic,dctcp
dctcp,11.1032,0.7776,0.9546,1.0133,0.0944,0.000996,0.000929,11,streaming,0.2,synthetic,dctcp
dctcp,8.8862,0.6504,1.1059,1.197,0.1098,0.001072,0.000857,19,io,0.38,synthetic,dctcp
dctcp,9.8948,0.9479,0.9623,1.4401,0.1081,0.000824,0.000681,47,sort,0.78,synthetic,dctcp
dctcp,8.9444,0.8845,0.9413,1.0382,0.0986,0.000838,0.000805,48,streaming,0.42,synthetic,dctcp
dctcp,10.7403,0.7415,1.0498,1.1884,0.0999,0.000999,0.000811,48,streaming,0.44,synthetic,dctcp
dctcp,9.1807,0.6628,1.0224,1.1423,0.0835,0.001037,0.000972,10,io,0.42,synthetic,dctcp
dctcp,7.8062,0.8242,1.1893,1.159,0.1118,0.000922,0.000923,49,io,0.63,synthetic,dctcp
dctcp,10.9167,0.7787,0.9936,1.2226,0.0859,0.000976,0.000681,21,streaming,0.51,synthetic,dctcp
dctcp,10.8455,0.8356,1.1022,1.1286,0.0972,0.001116,0.000963,15,streaming,0.45,synthetic,dctcp
dctcp,9.9721,0.7654,1.0545,1.3072,0.1009,0.001091,0.001015,33,io,0.78,synthetic,dctcp
dctcp,9.9542,0.9108,0.958,1.0688,0.1037,0.000945,0.000561,20,streaming,0.45,synthetic,dctcp
dctcp,7.9178,0.7646,1.2285,1.5699,0.0932,0.000812,0.000811,44,sort,0.93,synthetic,dctcp
dctcp,7.5123,0.9834,1.2664,1.4195,0.0971,0.000922,0.001042,16,sort,0.84,synthetic,dctcp
dctcp,7.688,0.8216,1.2508,1.572,0.1011,0.000823,0.000912,10,streaming,0.96,synthetic,dctcp
dctcp,7.8625,0.7376,1.098,1.1507,0.0927,0.000769,0.000937,40,sort,0.69,synthetic,dctcp
dctcp,9.2698,0.6746,0.8052,1.0582,0.0954,0.00086,0.000602,44,sort,0.26,synthetic,dctcp
dctcp,9.9363,0.7418,0.9783,1.1275,0.089,0.000674,0.00087,17,sort,0.16,synthetic,dctcp
dctcp,8.8052,0.8781,0.9497,1.3994,0.1139,0.001171,0.001023,47,streaming,0.68,synthetic,dctcp
dctcp,8.2553,0.9739,0.9822,1.1335,0.0873,0.001202,0.001162,34,io,0.98,synthetic,dctcp
dctcp,10.4406,0.9716,1.1579,1.4348,0.0897,0.000831,0.000639,32,io,0.64,synthetic,dctcp
dctcp,8.7869,0.617,0.9201,0.995,0.1043,0.00073,0.000777,20,sort,0.23,synthetic,dctcp
dctcp,10.6083,0.7741,1.0518,1.1579,0.0994,0.00115,0.000724,41,streaming,0.46,synthetic,dctcp
dctcp,9.2894,0.7974,0.9418,1.3757,0.1087,0.001226,0.00061,17,io,0.56,synthetic,dctcp
dctcp,9.9183,0.5898,1.0523,0.883,0.1099,0.000829,0.000848,20,io,0.15,synthetic,dctcp
dctcp,9.5982,0.9388,1.1208,1.1513,0.0945,0.000755,0.000871,37,sort,0.6,synthetic,dctcp
dctcp,8.0481,0.8327,0.8271,0.9758,0.1101,0.001159,0.000683,48,io,0.46,synthetic,dctcp
dctcp,8.4241,0.8913,1.08,1.3822,0.0906,0.001017,0.000855,7,sort,0.72,synthetic,dctcp
dctcp,11.7968,0.7636,0.8836,0.9145,0.1134,0.0008,0.00061,22,streaming,0.17,synthetic,dctcp
dctcp,9.8326,0.6894,0.8063,1.066,0.1057,0.000787,0.000925,16,streaming,0.44,synthetic,dctcp
dctcp,11.6103,0.7586,0.7536,1.1637,0.0959,0.000687,0.000831,31,sort,0.13,synthetic,dctcp
dctcp,9.1515,0.7697,0.9967,0.9599,0.1158,0.000928,0.000637,29,streaming,0.3,synthetic,dctcp
dctcp,9.9346,0.8614,0.9693,1.2441,0.0994,0.000758,0.000595,13,io,0.64,synthetic,dctcp
dctcp,11.3686,0.7936,1.0523,1.2421,0.0984,0.000865,0.000621,28,sort,0.17,synthetic,dctcp
dctcp,9.4318,0.9462,1.2495,1.2505,0.0885,0.001086,0.000907,10,streaming,0.88,synthetic,dctcp
dctcp,9.5372,0.9079,1.2038,1.2123,0.0913,0.000998,0.000925,14,sort,0.79,synthetic,dctcp
dctcp,8.5376,0.9358,1.0857,1.2366,0.0999,0.000882,0.000811,48,io,0.66,synthetic,dctcp
dctcp,9.4385,0.8795,1.0655,1.1485,0.0973,0.001155,0.000827,13,sort,0.83,synthetic,dctcp
dctcp,10.1285,0.8463,0.9716,1.0755,0.0951,0.000891,0.000656,39,io,0.77,synthetic,dctcp
dctcp,8.5056,0.8183,1.3045,1.1697,0.087,0.001233,0.001114,23,sort,0.86,synthetic,dctcp
dctcp,8.3232,0.9358,1.2072,1.1236,0.0973,0.001205,0.000594,48,streaming,0.7,synthetic,dctcp
dctcp,10.1242,0.6223,0.8439,1.1416,0.0857,0.000738,0.000733,12,io,0.2,synthetic,dctcp
dctcp,9.8954,0.7457,1.2007,1.1432,0.083,0.000886,0.00074,39,sort,0.64,synthetic,dctcp
dctcp,8.5827,1.0478,1.3198,1.2327,0.1018,0.001336,0.000768,6,io,0.98,synthetic,dctcp
dctcp,9.899,0.7924,1.0034,1.1054,0.0902,0.001152,0.000886,41,streaming,0.35,synthetic,dctcp
dctcp,9.6557,1.0073,1.2292,1.5942,0.0861,0.001243,0.000906,8,sort,0.98,synthetic,dctcp
dctcp,8.7096,0.6624,1.1262,0.9874,0.1087,0.001091,0.000823,10,sort,0.44,synthetic,dctcp
dctcp,8.0124,0.7201,1.0195,1.2406,0.0827,0.001049,0.000795,42,streaming,0.59,synthetic,dctcp
dctcp,9.1925,0.9812,1.0823,1.3914,0.1009,0.00124,0.001048,38,io,0.8,synthetic,dctcp
dctcp,8.9135,0.7801,1.1005,1.3252,0.084,0.000842,0.001032,11,sort,0.69,synthetic,dctcp
dctcp,8.641,0.9127,1.1178,1.4277,0.0948,0.001156,0.000835,39,streaming,0.54,synthetic,dctcp
dctcp,8.745,0.8457,1.1103,1.3566,0.1165,0.001191,0.0008,20,streaming,0.7,synthetic,dctcp
dctcp,9.3433,0.6196,0.9385,1.2769,0.0952,0.000827,0.000864,31,io,0.19,synthetic,dctcp
dctcp,9.7391,0.7022,0.9031,1.1121,0.0846,0.000947,0.000896,38,sort,0.19,synthetic,dctcp
dctcp,8.8278,0.9146,1.1451,1.2813,0.1172,0.000889,0.000647,18,sort,0.87,synthetic,dctcp
dctcp,9.012,0.8207,1.0516,1.123,0.1066,0.000846,0.000787,49,streaming,0.68,synthetic,dctcp
dctcp,11.2783,0.6778,0.924,1.2665,0.0939,0.000978,0.000861,7,streaming,0.28,synthetic,dctcp
dctcp,11.0425,0.6998,1.0239,1.199,0.109,0.00089,0.000899,37,sort,0.38,synthetic,dctcp
dctcp,9.8193,0.8786,1.0644,1.2011,0.115,0.000967,0.000901,14,sort,0.3,synthetic,dctcp
dctcp,11.1073,0.7252,1.057,1.0563,0.0936,0.001288,0.000731,33,io,0.53,synthetic,dctcp
dctcp,9.6824,0.9427,0.9741,1.3462,0.1136,0.001184,0.00106,21,streaming,0.83,synthetic,dctcp
dctcp,9.8292,1.0128,0.9484,1.423,0.0886,0.000898,0.001049,12,io,0.85,synthetic,dctcp
dctcp,8.0335,0.8854,1.0144,1.097,0.0895,0.001244,0.000728,19,io,0.73,synthetic,dctcp
dctcp,9.4406,0.6068,0.8202,1.239,0.1108,0.000957,0.000732,26,io,0.18,synthetic,dctcp
dctcp,7.2916,0.8994,1.1668,1.2166,0.1137,0.001142,0.000854,45,sort,0.8,synthetic,dctcp
dctcp,8.2721,0.8975,0.9933,1.2971,0.1073,0.000933,0.000826,17,sort,0.35,synthetic,dctcp
dctcp,9.5066,0.7783,0.8186,1.0409,0.1167,0.000953,0.000978,33,streaming,0.4,synthetic,dctcp
dctcp,9.2862,0.7058,0.8014,0.9876,0.0824,0.001113,0.000628,46,sort,0.13,synthetic,dctcp
dctcp,11.139,0.8586,0.7898,1.1566,0.1137,0.001113,0.00062,8,streaming,0.25,synthetic,dctcp
dctcp,8.4986,0.7171,0.9242,1.3612,0.0854,0.001017,0.000864,24,streaming,0.47,synthetic,dctcp
dctcp,9.1901,0.8966,1.0865,1.0547,0.1061,0.001055,0.000609,22,streaming,0.36,synthetic,dctcp
dctcp,8.2611,0.7843,0.9253,1.0743,0.1142,0.000714,0.000833,37,io,0.32,synthetic,dctcp
dctcp,11.2084,0.7713,0.9131,1.2412,0.1027,0.000757,0.000793,17,streaming,0.48,synthetic,dctcp
dctcp,9.7394,0.9583,1.0357,1.1761,0.1119,0.000818,0.001009,10,sort,0.66,synthetic,dctcp
dctcp,7.4867,0.9785,0.9428,1.445,0.106,0.001272,0.000633,46,sort,0.72,synthetic,dctcp
dctcp,9.5105,0.6846,1.0178,1.1586,0.0883,0.001009,0.000601,35,io,0.28,synthetic,dctcp
dctcp,9.44,0.832,1.1584,1.2208,0.1099,0.001023,0.00066,39,io,0.44,synthetic,dctcp
dctcp,8.7768,0.883,1.0294,1.1998,0.1092,0.001049,0.000559,44,sort,0.45,synthetic,dctcp
dctcp,7.524,0.9228,1.2341,1.2144,0.0956,0.001207,0.000881,17,io,0.81,synthetic,dctcp
dctcp,8.9069,0.7067,0.958,1.1854,0.1163,0.000813,0.000749,11,streaming,0.34,synthetic,dctcp
dctcp,8.4508,0.8871,1.1809,1.4756,0.1003,0.001323,0.000833,23,sort,0.95,synthetic,dctcp
dctcp,11.0753,0.656,1.0763,1.2919,0.102,0.000841,0.00072,18,streaming,0.26,synthetic,dctcp
dctcp,10.0364,0.7356,1.1391,1.3158,0.1048,0.001228,0.000922,28,streaming,0.41,synthetic,dctcp
dctcp,10.2152,0.946,0.9505,1.221,0.1146,0.001279,0.000797,25,io,0.65,synthetic,dctcp
dctcp,8.6646,0.8473,0.9049,0.9401,0.0985,0.001107,0.00076,5,sort,0.29,synthetic,dctcp
dctcp,11.8332,0.6703,0.7726,1.0701,0.0984,0.001121,0.000919,44,sort,0.13,synthetic,dctcp
dctcp,8.6151,0.9837,1.0273,1.3053,0.104,0.000901,0.000599,49,sort,0.68,synthetic,dctcp
dctcp,11.7675,0.7653,1.0319,1.2361,0.0976,0.000665,0.000879,44,sort,0.2,synthetic,dctcp
dctcp,8.0663,0.9335,0.8974,1.2102,0.1107,0.001271,0.001008,33,streaming,0.5,synthetic,dctcp
dctcp,10.4003,0.6886,0.8848,1.0201,0.1055,0.000677,0.000825,32,io,0.19,synthetic,dctcp
dctcp,7.1525,0.9052,1.0502,1.3929,0.108,0.000918,0.00079,18,sort,0.95,synthetic,dctcp
dctcp,8.6578,0.9587,1.1143,1.3776,0.0827,0.001467,0.001146,25,io,0.97,synthetic,dctcp
dctcp,9.2236,0.9551,1.0483,1.3979,0.1105,0.000908,0.000786,7,streaming,0.78,synthetic,dctcp
dctcp,11.3023,0.6706,0.8098,1.1233,0.0846,0.001098,0.000749,15,sort,0.22,synthetic,dctcp
dctcp,7.3155,1.0468,1.2623,1.2653,0.1173,0.001246,0.000759,25,io,0.91,synthetic,dctcp
dctcp,8.3063,0.7861,1.0644,1.4961,0.1005,0.001308,0.00096,20,io,0.88,synthetic,dctcp
dctcp,9.549,0.8929,0.9869,1.2514,0.0839,0.000951,0.00073,27,io,0.57,synthetic,dctcp
dctcp,11.343,0.6225,0.7977,1.2353,0.0978,0.000984,0.000798,10,sort,0.3,synthetic,dctcp
dctcp,8.7712,0.749,1.0564,1.5765,0.1129,0.0009,0.001114,50,sort,0.97,synthetic,dctcp
dctcp,9.4691,0.8851,0.8476,1.0903,0.0938,0.000797,0.001026,32,io,0.54,synthetic,dctcp
dctcp,10.7957,0.6717,0.9691,1.0851,0.1101,0.000868,0.000857,20,io,0.29,synthetic,dctcp
dctcp,8.5218,0.8801,0.8399,1.079,0.1065,0.00071,0.000851,8,sort,0.31,synthetic,dctcp
dctcp,10.6566,0.9111,0.9285,1.3583,0.0986,0.001232,0.000643,31,streaming,0.5,synthetic,dctcp
dctcp,7.7035,0.8613,1.1354,1.4391,0.1003,0.00139,0.000925,43,io,0.9,synthetic,dctcp
dctcp,8.5931,0.8084,1.1116,1.1595,0.0918,0.000883,0.000683,23,io,0.54,synthetic,dctcp
dctcp,8.0625,0.9143,1.247,1.3038,0.0985,0.000944,0.00106,6,sort,0.86,synthetic,dctcp
dctcp,8.2547,0.9015,1.1646,1.2614,0.0915,0.000902,0.001164,35,streaming,0.97,synthetic,dctcp
dctcp,8.1141,0.8229,0.9406,1.1061,0.0847,0.001146,0.000922,46,io,0.48,synthetic,dctcp
dctcp,9.0984,0.7333,0.9065,1.4105,0.1026,0.000945,0.000628,31,streaming,0.8,synthetic,dctcp
dctcp,10.4611,0.6866,1.0686,1.2727,0.0944,0.000997,0.001002,26,io,0.44,synthetic,dctcp
dctcp,8.5524,0.7975,0.9353,1.1315,0.1064,0.001337,0.00081,7,io,0.69,synthetic,dctcp
dctcp,9.8938,0.9503,0.8758,1.246,0.1128,0.001096,0.000628,8,sort,0.67,synthetic,dctcp
dctcp,9.082,0.9411,1.0243,1.257,0.0848,0.001201,0.000913,41,io,0.76,synthetic,dctcp
dctcp,10.2413,0.9789,0.8844,1.0681,0.1139,0.00104,0.000955,33,io,0.63,synthetic,dctcp
dctcp,8.3844,0.7411,1.1836,1.2976,0.0973,0.000826,0.000949,46,io,0.81,synthetic,dctcp
dctcp,10.1693,0.7302,0.9773,1.225,0.0964,0.001081,0.000927,29,io,0.47,synthetic,dctcp
dctcp,9.9435,0.6784,0.98,1.0696,0.0965,0.001322,0.000864,6,streaming,0.59,synthetic,dctcp
dctcp,7.8569,0.881,1.095,1.3097,0.0821,0.000825,0.000917,36,sort,0.57,synthetic,dctcp
dctcp,10.78,0.7424,1.115,1.2703,0.1044,0.000948,0.000993,9,io,0.48,synthetic,dctcp
dctcp,8.4509,0.8619,0.9599,1.088,0.0931,0.000839,0.000927,18,io,0.33,synthetic,dctcp
dctcp,8.4043,0.8932,1.0301,1.0881,0.0984,0.001255,0.000986,5,streaming,0.6,synthetic,dctcp
dctcp,9.3315,0.6384,1.0751,1.2163,0.1062,0.001164,0.000622,37,sort,0.27,synthetic,dctcp
dctcp,10.5619,0.9502,1.0225,1.3188,0.1072,0.001227,0.000765,36,streaming,0.53,synthetic,dctcp
dctcp,8.4113,0.9436,1.1611,1.0261,0.1063,0.000712,0.000737,28,streaming,0.53,synthetic,dctcp
dctcp,11.1689,0.7565,0.7923,1.0038,0.1044,0.000949,0.000764,45,io,0.28,synthetic,dctcp
dctcp,10.2294,0.7673,0.873,1.159,0.1043,0.001096,0.00075,50,streaming,0.25,synthetic,dctcp
dctcp,9.7545,1.048,1.1418,1.2836,0.095,0.001133,0.001104,12,streaming,0.9,synthetic,dctcp
dctcp,10.5723,0.6945,0.9954,1.3661,0.0855,0.000817,0.000801,41,io,0.44,synthetic,dctcp
dctcp,11.513,0.7837,1.0644,1.2646,0.0843,0.000773,0.000673,21,sort,0.18,synthetic,dctcp
dctcp,12.2109,0.6444,1.0493,0.9389,0.1039,0.000842,0.000714,20,sort,0.21,synthetic,dctcp
dctcp,9.3219,0.9928,0.9799,1.157,0.0933,0.001125,0.000747,10,streaming,0.98,synthetic,dctcp
dctcp,8.9496,0.7815,1.0435,1.2933,0.1051,0.001052,0.00111,9,io,0.99,synthetic,dctcp
dctcp,8.7271,0.8595,0.8963,1.1394,0.1012,0.001067,0.000588,8,streaming,0.39,synthetic,dctcp
dctcp,8.7874,0.8703,0.9709,1.375,0.0935,0.000987,0.001006,32,sort,0.65,synthetic,dctcp
dctcp,9.4415,0.8593,0.8139,1.1554,0.1171,0.000998,0.000573,31,io,0.31,synthetic,dctcp
dctcp,7.688,0.7924,1.0982,1.4486,0.1157,0.001415,0.001071,6,sort,0.94,synthetic,dctcp
dctcp,10.9946,0.8663,1.1666,1.1415,0.1042,0.000706,0.000984,49,streaming,0.48,synthetic,dctcp
dctcp,7.6678,0.9108,0.9334,1.4015,0.0966,0.000844,0.001027,13,sort,0.75,synthetic,dctcp
dctcp,10.7964,0.7374,1.064,1.0674,0.1054,0.000856,0.00079,29,streaming,0.24,synthetic,dctcp
dctcp,8.4354,0.9535,1.1366,1.5129,0.1075,0.001306,0.000643,41,streaming,0.96,synthetic,dctcp
dctcp,11.161,0.7906,1.0913,1.186,0.0997,0.00109,0.000778,34,sort,0.31,synthetic,dctcp
dctcp,9.3386,0.593,1.0398,1.1324,0.1149,0.000767,0.000645,36,streaming,0.14,synthetic,dctcp
dctcp,9.7804,0.8799,1.2485,1.1282,0.0946,0.000946,0.0007,50,io,0.76,synthetic,dctcp
dctcp,9.1947,0.8829,1.2673,1.3865,0.1074,0.000867,0.000949,38,io,0.83,synthetic,dctcp
dctcp,8.0366,0.8053,0.8719,1.3714,0.0885,0.000699,0.000925,24,io,0.46,synthetic,dctcp
dctcp,8.333,0.9943,1.1977,1.3958,0.0943,0.001267,0.00064,10,io,0.9,synthetic,dctcp
dctcp,9.3137,0.7895,1.0102,1.3465,0.0894,0.000795,0.000785,45,sort,0.67,synthetic,dctcp
dctcp,9.5162,0.7972,1.1315,1.3444,0.1154,0.00107,0.001089,27,io,0.86,synthetic,dctcp
dctcp,9.9821,0.7201,0.8888,1.2611,0.0839,0.001082,0.000979,13,sort,0.48,synthetic,dctcp
dctcp,9.7615,1.0435,1.2274,1.5058,0.102,0.000782,0.000769,42,streaming,0.86,synthetic,dctcp
dctcp,11.3892,0.6484,0.9816,0.9461,0.1003,0.000787,0.00059,21,io,0.35,synthetic,dctcp
dctcp,8.8182,1.0457,1.0401,1.2112,0.0881,0.001256,0.000777,9,sort,0.87,synthetic,dctcp
dctcp,8.3522,0.9236,1.1254,1.4519,0.0904,0.001002,0.000862,42,streaming,0.63,synthetic,dctcp
dctcp,11.3361,0.7552,0.8759,0.9841,0.1023,0.00111,0.000606,30,streaming,0.42,synthetic,dctcp
dctcp,8.5623,0.8127,1.0182,1.352,0.101,0.001176,0.000972,26,sort,0.54,synthetic,dctcp
dctcp,8.4526,0.8962,0.9352,1.2478,0.1058,0.001078,0.000961,15,sort,0.44,synthetic,dctcp
dctcp,10.0312,0.9347,1.1166,1.0535,0.0899,0.000865,0.000675,32,streaming,0.57,synthetic,dctcp
dctcp,7.9809,0.9098,1.0413,1.5621,0.0972,0.001397,0.000973,37,sort,0.91,synthetic,dctcp
dctcp,9.8675,0.7858,0.7963,1.2445,0.1084,0.000926,0.00085,35,io,0.12,synthetic,dctcp
dctcp,8.8456,0.814,0.8237,1.1546,0.1143,0.001077,0.000873,43,streaming,0.4,synthetic,dctcp
dctcp,9.6899,0.8373,1.0652,1.2418,0.092,0.001345,0.000621,45,sort,0.67,synthetic,dctcp
dctcp,9.5087,0.8733,1.1058,1.12,0.0936,0.00074,0.000881,12,sort,0.36,synthetic,dctcp
dctcp,8.6698,0.798,0.9844,1.365,0.0948,0.000974,0.001015,46,sort,0.81,synthetic,dctcp
dctcp,9.9106,0.7805,1.0325,1.0834,0.108,0.001244,0.000582,18,streaming,0.49,synthetic,dctcp
dctcp,10.8485,0.6574,0.8391,1.2911,0.1121,0.000733,0.000892,41,sort,0.42,synthetic,dctcp
dctcp,8.2467,0.9298,0.8799,1.2214,0.1093,0.001186,0.000669,47,sort,0.53,synthetic,dctcp
dctcp,8.7284,0.8496,1.0674,1.2594,0.0911,0.001139,0.000608,10,io,0.64,synthetic,dctcp
dctcp,10.1371,0.8057,1.2119,1.1715,0.0928,0.00077,0.001055,26,sort,0.82,synthetic,dctcp
dctcp,9.2884,0.851,1.2669,1.2883,0.1175,0.001105,0.00112,25,io,0.88,synthetic,dctcp
dctcp,11.3468,0.7191,0.9814,1.3038,0.0835,0.001175,0.000755,22,io,0.34,synthetic,dctcp
dctcp,8.794,0.7875,0.9837,1.4215,0.109,0.001061,0.001013,24,io,0.94,synthetic,dctcp
dctcp,7.7827,0.896,1.1275,1.4029,0.0946,0.001013,0.000902,48,streaming,0.66,synthetic,dctcp
dctcp,9.8008,0.6161,1.0817,1.2575,0.1162,0.001182,0.000836,46,sort,0.24,synthetic,dctcp
dctcp,8.774,0.9989,1.174,1.304,0.1135,0.001138,0.000666,15,streaming,0.85,synthetic,dctcp
dctcp,8.8108,0.9135,0.9392,1.1725,0.1004,0.00086,0.000739,33,io,0.45,synthetic,dctcp
dctcp,10.293,0.9246,0.8776,1.3651,0.1023,0.001076,0.000628,37,streaming,0.61,synthetic,dctcp
dctcp,10.1017,0.6068,0.9215,1.1505,0.0928,0.001056,0.000763,15,io,0.16,synthetic,dctcp
dctcp,8.3587,0.8954,1.015,1.0322,0.1093,0.001125,0.000787,46,sort,0.41,synthetic,dctcp
dctcp,9.7087,0.7592,0.9471,1.1134,0.0935,0.001202,0.000767,28,sort,0.4,synthetic,dctcp
dctcp,10.223,0.815,1.0395,1.2183,0.093,0.001248,0.000742,35,sort,0.39,synthetic,dctcp
dctcp,8.458,0.8184,1.0812,1.4742,0.1081,0.001266,0.000727,44,streaming,0.69,synthetic,dctcp
dctcp,8.5105,1.0317,1.1886,1.2365,0.0861,0.000918,0.000939,34,streaming,0.87,synthetic,dctcp
dctcp,11.0195,0.6278,1.0608,1.1522,0.0986,0.00111,0.000847,44,streaming,0.21,synthetic,dctcp
dctcp,8.8385,1.0148,1.2032,1.4611,0.0994,0.000915,0.001152,34,streaming,0.96,synthetic,dctcp
dctcp,8.0302,0.7826,1.0763,1.4422,0.1083,0.001133,0.000691,39,io,0.97,synthetic,dctcp
dctcp,9.3499,0.6961,1.0277,1.018,0.113,0.000991,0.000993,27,sort,0.4,synthetic,dctcp
dctcp,10.053,0.9088,1.1548,1.2298,0.1035,0.001236,0.000756,37,sort,0.6,synthetic,dctcp
dctcp,10.1063,0.6356,1.0369,1.1005,0.1147,0.000977,0.000559,17,io,0.19,synthetic,dctcp
dctcp,8.5972,0.8602,1.0934,1.2483,0.098,0.000872,0.000776,21,streaming,0.47,synthetic,dctcp
dctcp,11.3361,0.7746,1.0649,1.0808,0.1172,0.001088,0.000785,49,sort,0.46,synthetic,dctcp
dctcp,8.6847,0.7157,0.8845,1.0698,0.0835,0.001067,0.000756,23,io,0.32,synthetic,dctcp
dctcp,8.0619,0.7747,0.8727,1.3161,0.0856,0.000733,0.000714,48,io,0.44,synthetic,dctcp
dctcp,11.6786,0.6954,0.7403,1.0219,0.1026,0.000967,0.000743,36,streaming,0.13,synthetic,dctcp
dctcp,9.5745,0.953,0.9577,1.3122,0.0963,0.001152,0.000629,28,sort,0.59,synthetic,dctcp
dctcp,9.7132,0.9096,1.1939,1.2093,0.0965,0.000881,0.001077,32,streaming,0.62,synthetic,dctcp
dctcp,8.9413,0.8603,0.9596,1.2263,0.0967,0.001005,0.000787,13,streaming,0.54,synthetic,dctcp
dctcp,8.5095,0.6969,0.9184,1.3619,0.1115,0.00118,0.000874,9,streaming,0.58,synthetic,dctcp
dctcp,10.3512,0.8742,0.8868,1.1393,0.0932,0.001017,0.000731,48,streaming,0.34,synthetic,dctcp
dctcp,8.3533,0.9916,1.1565,1.3263,0.1115,0.000833,0.001009,38,io,0.93,synthetic,dctcp
dctcp,8.9363,1.0292,1.3017,1.1282,0.0839,0.001111,0.001034,28,streaming,0.97,synthetic,dctcp
dctcp,9.7933,0.8911,0.954,1.4607,0.1005,0.0014,0.00079,47,io,0.8,synthetic,dctcp
dctcp,9.4858,0.8189,0.907,1.3084,0.0845,0.001221,0.000966,38,sort,0.47,synthetic,dctcp
dctcp,8.2686,0.876,1.0461,1.3764,0.1107,0.000788,0.000676,47,sort,0.45,synthetic,dctcp
dctcp,11.3983,0.6288,0.7945,1.1057,0.1051,0.000963,0.000952,26,streaming,0.25,synthetic,dctcp
dctcp,8.3153,0.9609,1.0272,1.539,0.1047,0.000949,0.001098,49,io,0.83,synthetic,dctcp
dctcp,10.8192,0.7002,0.865,0.9529,0.1007,0.001104,0.000834,47,io,0.29,synthetic,dctcp
dctcp,8.0664,0.7972,1.2795,1.1833,0.1168,0.001236,0.000699,18,sort,0.87,synthetic,dctcp
dctcp,9.6997,0.7054,1.0645,1.2113,0.1162,0.000986,0.000726,11,sort,0.6,synthetic,dctcp
dctcp,10.4862,0.9487,0.9356,1.3043,0.088,0.001298,0.000702,38,io,0.58,synthetic,dctcp
dctcp,9.4047,0.8862,1.082,0.9763,0.0979,0.00097,0.000944,5,streaming,0.32,synthetic,dctcp
dctcp,10.1042,0.8219,1.0753,1.1082,0.0994,0.001064,0.000528,31,sort,0.28,synthetic,dctcp
dctcp,8.7541,0.9919,0.9597,1.256,0.0872,0.001126,0.000595,31,io,0.7,synthetic,dctcp
dctcp,10.0824,0.8872,0.9373,1.0829,0.0873,0.000919,0.000858,38,sort,0.69,synthetic,dctcp
dctcp,10.1581,0.6774,0.9489,1.2173,0.0836,0.001217,0.000872,29,streaming,0.46,synthetic,dctcp
dctcp,8.0447,0.8547,1.1538,1.3139,0.0859,0.001183,0.000834,25,sort,0.86,synthetic,dctcp
dctcp,9.6412,0.8938,0.8894,1.4222,0.091,0.001267,0.000619,41,sort,0.75,synthetic,dctcp
dctcp,9.2991,0.7762,0.9321,1.436,0.1179,0.001207,0.00091,48,io,0.75,synthetic,dctcp
dctcp,8.9682,0.8097,0.9139,0.9193,0.0963,0.000919,0.00075,34,sort,0.15,synthetic,dctcp
dctcp,7.6786,0.7852,1.0692,1.241,0.1035,0.001232,0.000855,13,io,0.96,synthetic,dctcp
dctcp,10.1357,0.8411,0.8952,1.1546,0.0972,0.001244,0.001006,40,io,0.8,synthetic,dctcp
dctcp,8.4371,0.7885,0.8831,1.4554,0.1154,0.0009,0.000998,28,io,0.74,synthetic,dctcp
dctcp,10.341,0.7305,1.1524,1.294,0.0822,0.000942,0.000693,25,sort,0.59,synthetic,dctcp
dctcp,7.9706,1.0226,1.062,1.1977,0.1068,0.001008,0.000636,15,io,0.87,synthetic,dctcp
dctcp,7.3757,0.958,0.9183,1.4849,0.0908,0.000811,0.000775,37,io,0.76,synthetic,dctcp
dctcp,8.9687,0.9321,0.938,1.2282,0.1111,0.001385,0.000885,36,sort,0.96,synthetic,dctcp
dctcp,9.4709,0.9706,1.0066,1.2828,0.1,0.001409,0.001119,24,streaming,0.94,synthetic,dctcp
dctcp,12.1004,0.7723,0.7404,0.9229,0.0961,0.000923,0.000605,45,io,0.17,synthetic,dctcp
dctcp,8.4558,0.7618,1.0076,1.1517,0.1092,0.001022,0.001009,34,sort,0.67,synthetic,dctcp
dctcp,9.2243,0.6775,0.9654,1.0874,0.0937,0.00128,0.00097,42,sort,0.52,synthetic,dctcp
dctcp,9.2181,0.9299,0.9907,1.1164,0.1095,0.001267,0.000637,19,io,0.82,synthetic,dctcp
dctcp,11.3104,0.8088,1.0024,1.094,0.1148,0.001197,0.000919,21,sort,0.26,synthetic,dctcp
dctcp,7.1198,0.7545,1.1677,1.5772,0.1129,0.00121,0.001031,33,io,1.0,synthetic,dctcp
dctcp,9.9306,0.8728,1.265,1.2375,0.1128,0.001298,0.000686,8,streaming,0.75,synthetic,dctcp
dctcp,10.8048,0.7619,1.0318,1.3725,0.1109,0.000951,0.000618,11,sort,0.51,synthetic,dctcp
dctcp,10.51,0.6662,0.8788,0.9928,0.1088,0.000851,0.000699,37,sort,0.15,synthetic,dctcp
dctcp,8.0434,0.7929,1.0615,1.1486,0.0942,0.001308,0.000916,18,io,0.61,synthetic,dctcp
dctcp,9.1945,0.965,0.9913,1.4035,0.1087,0.000732,0.000796,42,sort,0.62,synthetic,dctcp
dctcp,10.152,1.0033,1.1625,1.2506,0.0899,0.00084,0.000816,40,streaming,0.76,synthetic,dctcp
dctcp,10.3221,0.7906,0.9875,1.1917,0.1035,0.00099,0.000932,18,sort,0.53,synthetic,dctcp
dctcp,8.0189,0.7439,1.0213,1.0985,0.1088,0.001193,0.000799,47,io,0.61,synthetic,dctcp
dctcp,10.0883,0.956,1.2852,1.1337,0.1019,0.00104,0.00071,7,streaming,0.81,synthetic,dctcp
dctcp,11.0229,0.7321,0.8711,1.0576,0.1159,0.000838,0.00093,18,sort,0.47,synthetic,dctcp
dctcp,8.2563,0.8019,1.1565,1.3999,0.114,0.001258,0.001066,29,streaming,0.66,synthetic,dctcp
dctcp,9.8842,0.88,0.8479,1.2896,0.1056,0.000841,0.000795,30,io,0.61,synthetic,dctcp
dctcp,10.1736,0.6595,0.969,1.0528,0.1078,0.000705,0.000906,21,streaming,0.39,synthetic,dctcp
dctcp,9.4207,0.7679,1.0446,1.0735,0.0858,0.001212,0.000819,38,sort,0.33,synthetic,dctcp
dctcp,7.6699,0.8249,1.0158,1.14,0.1109,0.000975,0.00112,31,io,0.8,synthetic,dctcp
dctcp,10.2486,0.8251,1.2014,1.2913,0.1129,0.001377,0.000894,45,io,0.78,synthetic,dctcp
dctcp,8.0381,0.969,0.9504,1.4748,0.1162,0.000912,0.000773,9,sort,0.96,synthetic,dctcp
dctcp,9.6322,0.7709,1.3196,1.5516,0.1022,0.001444,0.001132,42,streaming,0.93,synthetic,dctcp
dctcp,7.5601,0.9697,1.1158,1.4383,0.0877,0.001342,0.00087,49,sort,0.8,synthetic,dctcp
dctcp,11.7037,0.7383,0.9974,0.9542,0.1114,0.000887,0.000793,30,streaming,0.17,synthetic,dctcp
dctcp,9.5962,0.6975,1.0543,1.1742,0.1002,0.000947,0.000549,10,streaming,0.38,synthetic,dctcp
dctcp,8.9734,0.7974,1.1401,1.1212,0.0828,0.001185,0.000974,46,streaming,0.73,synthetic,dctcp
dctcp,9.4679,0.8638,1.005,1.5102,0.0844,0.000938,0.000866,13,streaming,0.78,synthetic,dctcp
dctcp,7.5904,0.9578,0.9691,1.2296,0.1135,0.000943,0.000967,11,sort,0.69,synthetic,dctcp
dctcp,10.3677,0.8008,0.8892,1.0324,0.0838,0.001191,0.000733,35,io,0.42,synthetic,dctcp
dctcp,8.5838,0.8318,1.1858,1.0911,0.0825,0.001311,0.000823,36,io,0.58,synthetic,dctcp
dctcp,11.0399,0.6601,0.9305,1.1601,0.0973,0.001082,0.000896,26,streaming,0.23,synthetic,dctcp
dctcp,8.3151,0.6948,0.9948,1.0997,0.1059,0.000905,0.000898,44,sort,0.5,synthetic,dctcp
dctcp,7.7233,0.7029,0.9023,1.2305,0.1039,0.00127,0.000832,13,streaming,0.67,synthetic,dctcp
dctcp,10.1449,0.727,0.7413,1.1965,0.0876,0.001005,0.000646,20,streaming,0.12,synthetic,dctcp
dctcp,11.8147,0.7385,0.7721,1.0341,0.1053,0.00077,0.000741,26,streaming,0.3,synthetic,dctcp
dctcp,10.7394,0.7663,1.1848,1.2757,0.0954,0.000907,0.000629,32,sort,0.55,synthetic,dctcp
dctcp,9.0244,0.7534,1.1485,1.5563,0.1145,0.001086,0.001062,34,sort,0.86,synthetic,dctcp
dctcp,11.6469,0.897,1.1045,1.0698,0.1112,0.001149,0.000807,15,streaming,0.37,synthetic,dctcp
dctcp,9.9964,0.7929,1.0011,1.2642,0.0884,0.001076,0.001002,35,io,0.45,synthetic,dctcp
dctcp,9.6635,0.9051,1.1556,1.2719,0.0882,0.001237,0.000755,45,streaming,0.75,synthetic,dctcp
dctcp,11.2148,0.8711,1.0066,1.1412,0.0998,0.001024,0.000941,28,sort,0.38,synthetic,dctcp
dctcp,10.7846,0.8806,1.1366,1.09,0.1007,0.001116,0.000586,15,io,0.53,synthetic,dctcp
dctcp,7.608,0.9281,0.9586,1.2693,0.0827,0.000918,0.000732,42,sort,0.65,synthetic,dctcp
dctcp,8.9161,0.9621,1.1411,1.1007,0.0844,0.001247,0.000882,35,streaming,0.88,synthetic,dctcp
dctcp,10.8942,0.7658,1.0604,1.39,0.112,0.000769,0.000679,14,io,0.47,synthetic,dctcp
dctcp,8.1497,0.9356,0.9473,1.4818,0.1078,0.000972,0.001082,8,streaming,0.93,synthetic,dctcp
dctcp,7.9269,0.89,0.9674,1.4537,0.1091,0.000913,0.000729,24,sort,0.92,synthetic,dctcp
dctcp,8.4106,1.0196,1.094,1.5797,0.0825,0.000796,0.000666,22,io,0.92,synthetic,dctcp
dctcp,11.5185,0.6561,0.8571,1.1064,0.1085,0.000885,0.000645,15,sort,0.21,synthetic,dctcp
dctcp,8.3194,0.9165,1.1336,1.3604,0.1042,0.001151,0.001033,35,sort,0.62,synthetic,dctcp
dctcp,10.2028,0.7955,1.1304,1.4484,0.088,0.00127,0.000698,24,streaming,0.81,synthetic,dctcp
dctcp,9.1125,0.663,1.0856,1.0522,0.1023,0.001051,0.000903,45,streaming,0.52,synthetic,dctcp
dctcp,11.923,0.6919,1.0125,1.13,0.0928,0.000869,0.000711,50,io,0.15,synthetic,dctcp
dctcp,10.3853,0.649,1.1136,1.0251,0.0909,0.000909,0.00077,14,io,0.39,synthetic,dctcp
dctcp,7.4411,0.8392,1.2493,1.4346,0.0916,0.001121,0.000923,24,sort,0.75,synthetic,dctcp
dctcp,8.5721,0.9391,1.0467,1.5395,0.1086,0.001255,0.00111,49,sort,0.96,synthetic,dctcp
dctcp,9.654,0.8327,0.915,1.0407,0.1118,0.001163,0.000591,19,sort,0.41,synthetic,dctcp
dctcp,9.075,0.7133,0.99,1.2734,0.0895,0.000765,0.000634,24,io,0.32,synthetic,dctcp
dctcp,9.1639,0.793,1.0485,0.901,0.1025,0.000839,0.000819,34,streaming,0.19,synthetic,dctcp
dctcp,9.3027,0.6167,1.06,1.0665,0.0865,0.0011,0.000661,6,streaming,0.24,synthetic,dctcp
dctcp,8.9333,0.7678,1.0245,1.2138,0.1109,0.001289,0.000696,49,streaming,0.54,synthetic,dctcp
dctcp,9.2859,0.7541,0.9553,0.9963,0.0943,0.000791,0.000535,44,streaming,0.15,synthetic,dctcp
dctcp,11.6237,0.6398,0.8332,1.2262,0.0833,0.000914,0.000745,42,io,0.24,synthetic,dctcp
dctcp,11.7282,0.7838,1.0296,1.2423,0.0946,0.001036,0.000823,24,streaming,0.18,synthetic,dctcp
dctcp,10.5034,0.9787,1.0888,1.4231,0.086,0.001165,0.001016,25,io,0.65,synthetic,dctcp
dctcp,11.1147,0.7505,1.0805,1.0336,0.1005,0.001064,0.001006,31,streaming,0.42,synthetic,dctcp
dctcp,8.6697,0.7324,1.0636,0.9613,0.1061,0.000967,0.000695,50,io,0.32,synthetic,dctcp
dctcp,8.2643,0.905,0.8178,1.1688,0.0846,0.000723,0.000632,25,io,0.49,synthetic,dctcp
dctcp,8.7159,0.9289,1.1081,1.2179,0.098,0.001282,0.000739,48,sort,0.65,synthetic,dctcp
dctcp,8.4013,0.8665,0.7825,1.2319,0.0834,0.000681,0.000937,31,io,0.29,synthetic,dctcp
dctcp,9.5508,0.8934,1.0724,1.2999,0.1,0.000818,0.000911,7,streaming,0.76,synthetic,dctcp
dctcp,10.5079,0.7326,0.8667,1.1555,0.0967,0.00096,0.000859,27,io,0.35,synthetic,dctcp
dctcp,9.9536,0.7025,0.9352,1.2773,0.1046,0.000991,0.000672,30,sort,0.18,synthetic,dctcp
dctcp,9.5799,0.8298,0.9576,1.0827,0.0993,0.00086,0.000861,5,sort,0.78,synthetic,dctcp
dctcp,7.6037,0.9122,1.2162,1.2656,0.1048,0.001048,0.000783,23,sort,0.75,synthetic,dctcp
dctcp,9.6542,0.7661,0.9756,1.239,0.09,0.001029,0.000753,38,sort,0.12,synthetic,dctcp
dctcp,9.1702,0.889,0.9292,1.1862,0.1172,0.001154,0.000713,34,sort,0.78,synthetic,dctcp
dctcp,8.1387,0.8197,0.9326,1.3124,0.101,0.00127,0.000869,9,io,0.9,synthetic,dctcp
dctcp,9.3348,1.0174,0.9472,1.2426,0.0975,0.001014,0.000949,28,io,0.88,synthetic,dctcp
dctcp,10.1628,0.8019,1.2014,1.3242,0.115,0.001205,0.000728,14,streaming,0.84,synthetic,dctcp
dctcp,9.3439,0.7138,1.0296,1.0323,0.1093,0.000731,0.000821,50,streaming,0.11,synthetic,dctcp
dctcp,7.783,0.72,0.9649,1.2925,0.0993,0.001065,0.000643,31,streaming,0.53,synthetic,dctcp
dctcp,10.6181,0.7734,0.7503,0.9361,0.0915,0.000668,0.000926,23,io,0.2,synthetic,dctcp
dctcp,10.3515,0.9148,0.8987,1.3704,0.1003,0.001112,0.00056,41,streaming,0.4,synthetic,dctcp
dctcp,10.2722,0.8516,1.0375,1.3056,0.0905,0.001045,0.000649,29,sort,0.63,synthetic,dctcp
dctcp,8.6385,0.8035,0.9958,0.9899,0.0899,0.001,0.00052,42,streaming,0.19,synthetic,dctcp
dctcp,9.8335,0.7507,0.9394,0.9746,0.0826,0.001005,0.000813,11,streaming,0.17,synthetic,dctcp
dctcp,9.7563,0.8389,0.9303,1.098,0.1092,0.000789,0.000855,49,sort,0.49,synthetic,dctcp
dctcp,10.2514,0.8275,0.8186,1.055,0.0983,0.000837,0.000704,5,streaming,0.28,synthetic,dctcp
dctcp,8.5597,0.6666,1.0762,0.9258,0.0958,0.000907,0.000897,11,streaming,0.25,synthetic,dctcp
dctcp,10.7892,0.7498,1.0103,1.2483,0.0857,0.00094,0.000802,37,streaming,0.27,synthetic,dctcp
dctcp,8.0053,0.8656,1.0894,1.4416,0.1108,0.001351,0.000742,13,streaming,0.89,synthetic,dctcp
dctcp,8.6909,0.7441,1.0611,1.0105,0.102,0.001194,0.000769,25,sort,0.54,synthetic,dctcp
dctcp,10.7523,0.8223,1.0217,1.2439,0.0921,0.00081,0.000521,15,io,0.23,synthetic,dctcp
dctcp,9.2735,0.7661,1.1105,1.4745,0.0889,0.000814,0.001071,20,io,0.82,synthetic,dctcp
dctcp,8.9912,0.7255,0.8516,1.353,0.086,0.001026,0.000899,29,io,0.52,synthetic,dctcp
dctcp,9.2174,0.7346,0.9725,1.1018,0.1094,0.001171,0.000804,29,sort,0.71,synthetic,dctcp
dctcp,10.3356,0.7968,0.7714,1.0853,0.112,0.0007,0.00055,42,io,0.18,synthetic,dctcp
dctcp,7.4983,0.8185,1.2728,1.5313,0.1064,0.000861,0.000774,36,sort,0.82,synthetic,dctcp
dctcp,10.1698,0.7104,0.8352,0.9945,0.0914,0.000861,0.000649,9,sort,0.47,synthetic,dctcp
dctcp,10.8232,0.9608,1.0409,1.0473,0.0823,0.001313,0.00102,49,streaming,0.56,synthetic,dctcp
dctcp,8.2945,0.7369,1.2129,1.3606,0.0931,0.001037,0.000856,31,streaming,0.73,synthetic,dctcp
dctcp,9.9206,0.5894,1.0382,1.0128,0.0856,0.000965,0.000705,38,sort,0.1,synthetic,dctcp
dctcp,9.0362,0.6856,1.0406,1.2308,0.096,0.000833,0.000581,14,streaming,0.29,synthetic,dctcp
dctcp,11.0971,0.8312,1.1079,1.1841,0.0916,0.000836,0.000975,33,sort,0.51,synthetic,dctcp
dctcp,10.4366,0.7927,1.1129,1.1217,0.1038,0.000798,0.000811,50,sort,0.34,synthetic,dctcp
dctcp,11.7776,0.7856,0.8035,1.2603,0.0966,0.00083,0.00053,29,sort,0.31,synthetic,dctcp
dctcp,10.4391,0.7877,0.8383,1.2317,0.1073,0.000916,0.000644,30,streaming,0.12,synthetic,dctcp
dctcp,11.2589,0.6427,1.1151,1.1771,0.1052,0.00083,0.000887,15,sort,0.32,synthetic,dctcp
dctcp,8.1883,0.8936,0.8004,1.0689,0.0925,0.000979,0.000757,24,io,0.39,synthetic,dctcp
dctcp,9.3466,0.9374,1.2442,1.3843,0.1003,0.001128,0.000876,46,io,0.89,synthetic,dctcp
dctcp,8.3263,0.6352,1.0795,1.257,0.0821,0.000703,0.000751,19,streaming,0.32,synthetic,dctcp
dctcp,9.2275,0.7877,0.9418,1.1323,0.1176,0.000763,0.00086,12,io,0.69,synthetic,dctcp
dctcp,8.2181,0.9296,1.2375,1.5208,0.1177,0.000981,0.000647,10,streaming,0.94,synthetic,dctcp
dctcp,8.4922,0.8909,0.9029,1.286,0.0972,0.000826,0.000639,47,io,0.34,synthetic,dctcp
dctcp,9.4901,0.9183,1.245,1.4669,0.0955,0.000845,0.000882,11,io,0.7,synthetic,dctcp
dctcp,7.8104,0.7233,0.9124,1.0991,0.082,0.001273,0.000592,44,sort,0.53,synthetic,dctcp
dctcp,9.1543,0.8197,1.0321,1.2126,0.1079,0.001209,0.00109,44,sort,0.73,synthetic,dctcp
dctcp,8.5183,0.9509,0.906,1.2404,0.0929,0.000965,0.001007,22,io,0.53,synthetic,dctcp
dctcp,10.0804,0.9402,0.9066,1.3299,0.1022,0.000926,0.000827,26,sort,0.56,synthetic,dctcp
dctcp,9.3319,0.7989,1.1324,1.523,0.1019,0.001253,0.000782,10,streaming,0.97,synthetic,dctcp
dctcp,7.6071,0.8187,0.9919,1.5078,0.115,0.001072,0.001158,32,streaming,0.99,synthetic,dctcp
dctcp,10.9881,0.605,1.0015,1.1835,0.0987,0.000684,0.000868,12,io,0.11,synthetic,dctcp
dctcp,7.9937,0.844,1.016,1.2298,0.1156,0.000909,0.000676,24,io,0.45,synthetic,dctcp
dctcp,9.7369,0.8177,0.8157,1.3728,0.1059,0.001064,0.000709,36,sort,0.46,synthetic,dctcp
dctcp,11.1814,0.6374,0.9311,1.0467,0.1122,0.000668,0.000721,30,streaming,0.1,synthetic,dctcp
dctcp,9.9034,0.6911,0.9247,1.2301,0.1127,0.000724,0.000565,16,sort,0.46,synthetic,dctcp
dctcp,7.9332,0.8353,1.0856,1.3081,0.086,0.001145,0.000578,25,streaming,0.45,synthetic,dctcp
dctcp,8.0793,0.8197,0.884,1.0889,0.0911,0.001156,0.000854,37,io,0.48,synthetic,dctcp
dctcp,11.8929,0.5914,0.957,1.103,0.087,0.001044,0.000734,24,streaming,0.17,synthetic,dctcp
dctcp,10.0341,0.886,1.1608,1.3574,0.114,0.001193,0.000879,30,io,0.7,synthetic,dctcp
dctcp,10.0045,0.7253,0.8497,1.2829,0.1011,0.001005,0.000996,34,streaming,0.53,synthetic,dctcp
dctcp,8.7561,0.8795,1.2989,1.2947,0.0934,0.00108,0.000966,13,streaming,0.95,synthetic,dctcp
dctcp,8.4225,1.0427,0.9492,1.2344,0.0849,0.001303,0.000861,23,sort,0.99,synthetic,dctcp
dctcp,8.7688,0.7645,1.069,0.9865,0.083,0.000743,0.000626,12,io,0.21,synthetic,dctcp
dctcp,9.2569,0.8293,0.9468,1.4694,0.1039,0.000788,0.001031,32,io,0.72,synthetic,dctcp
dctcp,8.6847,0.8414,1.0122,1.2339,0.1084,0.001046,0.000983,13,streaming,0.35,synthetic,dctcp
dctcp,7.594,0.9962,1.213,1.4556,0.1148,0.00088,0.001078,20,sort,0.81,synthetic,dctcp
dctcp,9.8297,0.8384,0.9383,1.3596,0.1157,0.00089,0.000998,31,io,0.51,synthetic,dctcp
dctcp,8.1144,0.8759,1.1888,1.1862,0.1152,0.001172,0.001009,39,io,0.79,synthetic,dctcp
dctcp,10.805,0.9078,0.8442,1.3184,0.09,0.000726,0.000682,43,streaming,0.49,synthetic,dctcp
dctcp,8.2892,0.8575,0.9119,1.2095,0.1073,0.001132,0.00094,49,streaming,0.74,synthetic,dctcp
dctcp,12.1806,0.7672,0.7877,1.0668,0.0992,0.000954,0.000575,27,sort,0.15,synthetic,dctcp
dctcp,8.0209,0.8924,0.9489,1.194,0.0905,0.00083,0.000785,30,sort,0.62,synthetic,dctcp
dctcp,8.6336,0.7023,0.9911,1.0031,0.1107,0.000795,0.000705,47,streaming,0.46,synthetic,dctcp
dctcp,10.5379,0.8289,0.9451,1.2374,0.115,0.001093,0.00089,27,sort,0.66,synthetic,dctcp
dctcp,7.7537,0.8645,1.1705,1.4437,0.0873,0.001295,0.000789,10,sort,0.98,synthetic,dctcp
dctcp,11.2097,0.8473,1.0512,1.0641,0.0899,0.000916,0.000569,27,io,0.17,synthetic,dctcp
dctcp,9.5163,0.7685,0.8444,1.1245,0.102,0.001121,0.000627,18,sort,0.45,synthetic,dctcp
dctcp,10.8517,0.6757,1.035,0.8871,0.1161,0.000995,0.000744,15,streaming,0.13,synthetic,dctcp
dctcp,9.2298,0.8442,0.9463,1.447,0.1131,0.00124,0.000608,35,sort,0.67,synthetic,dctcp
dctcp,9.0166,0.7228,1.1153,1.1514,0.0974,0.000969,0.001065,39,sort,0.71,synthetic,dctcp
dctcp,8.0155,0.6758,0.8203,1.1462,0.0828,0.000853,0.000799,21,streaming,0.41,synthetic,dctcp
dctcp,8.4018,0.9529,1.101,1.4206,0.1094,0.000912,0.000829,9,streaming,0.85,synthetic,dctcp
dctcp,11.1593,0.6987,0.7864,1.1898,0.0827,0.000846,0.000552,37,sort,0.24,synthetic,dctcp
dctcp,11.1485,0.7984,0.9788,0.9461,0.1136,0.000751,0.00053,18,io,0.2,synthetic,dctcp
dctcp,8.3003,0.7209,0.8288,1.2984,0.101,0.000697,0.000988,47,io,0.48,synthetic,dctcp
dctcp,11.3339,0.7999,0.8483,1.1247,0.111,0.000994,0.000981,41,streaming,0.34,synthetic,dctcp
dctcp,8.5888,0.7633,1.0418,1.186,0.09,0.000876,0.000912,32,sort,0.23,synthetic,dctcp
dctcp,8.9968,0.889,0.8604,1.1214,0.0821,0.000966,0.001042,9,sort,0.65,synthetic,dctcp
dctcp,7.1635,0.8724,1.1678,1.1189,0.1067,0.00099,0.001065,26,io,0.95,synthetic,dctcp
dctcp,8.6562,0.8702,1.0262,1.1467,0.1029,0.000976,0.00092,38,streaming,0.6,synthetic,dctcp
dctcp,10.0015,0.6074,0.7235,1.1769,0.1056,0.001125,0.000665,41,streaming,0.1,synthetic,dctcp
dctcp,7.1046,0.9873,1.0184,1.2887,0.0878,0.001028,0.000728,20,io,0.98,synthetic,dctcp
dctcp,9.4008,1.0029,1.2366,1.2017,0.1121,0.000872,0.000833,33,streaming,0.73,synthetic,dctcp
dctcp,8.5504,0.7715,0.8835,1.3518,0.1077,0.001049,0.000793,26,streaming,0.67,synthetic,dctcp
dctcp,7.8342,0.8225,1.1867,1.1043,0.1149,0.00126,0.001029,25,sort,0.77,synthetic,dctcp
dctcp,10.4569,0.8036,1.0928,1.2445,0.0884,0.000737,0.00061,33,io,0.56,synthetic,dctcp
dctcp,8.224,0.6919,0.8707,1.3374,0.1109,0.000974,0.0009,5,sort,0.35,synthetic,dctcp
dctcp,8.7691,0.9616,1.0457,1.425,0.1126,0.000949,0.001064,16,sort,0.74,synthetic,dctcp
dctcp,8.6588,0.8969,1.2179,1.3751,0.1058,0.00096,0.001026,7,streaming,0.65,synthetic,dctcp
dctcp,10.0489,0.7577,0.9478,1.202,0.1174,0.000728,0.000857,33,io,0.39,synthetic,dctcp
dctcp,7.458,0.9865,1.2538,1.3604,0.117,0.001107,0.00078,48,sort,0.99,synthetic,dctcp
dctcp,8.5909,0.7439,1.0351,1.0322,0.1011,0.000888,0.000921,11,io,0.19,synthetic,dctcp
dctcp,9.8165,0.7868,0.9627,1.1981,0.0956,0.001132,0.001042,8,sort,0.89,synthetic,dctcp
dctcp,9.5804,0.6958,0.9405,0.8957,0.1062,0.000955,0.000871,42,sort,0.11,synthetic,dctcp
dctcp,7.4562,0.9858,1.0464,1.208,0.0858,0.000807,0.000711,41,streaming,0.66,synthetic,dctcp
dctcp,9.0487,0.9488,1.1717,1.0823,0.0858,0.001296,0.000748,30,sort,0.64,synthetic,dctcp
dctcp,7.5198,0.9632,1.2331,1.5452,0.1064,0.001392,0.000713,28,streaming,0.94,synthetic,dctcp
dctcp,9.9572,0.8662,1.0829,1.1096,0.1098,0.000922,0.000725,41,sort,0.76,synthetic,dctcp
dctcp,8.5687,0.8662,1.1496,0.9936,0.0821,0.000847,0.000847,44,sort,0.52,synthetic,dctcp
dctcp,10.3241,0.9609,1.0932,1.1524,0.092,0.001013,0.001028,47,sort,0.62,synthetic,dctcp
dctcp,9.2073,0.8549,0.7929,1.099,0.1146,0.000761,0.000726,29,io,0.33,synthetic,dctcp
dctcp,8.315,0.7619,1.1559,1.4152,0.1178,0.000807,0.000788,21,io,0.68,synthetic,dctcp
dctcp,10.5927,0.761,1.0893,1.1416,0.1164,0.001024,0.000921,8,sort,0.32,synthetic,dctcp
dctcp,10.137,0.8257,0.9804,1.2099,0.0933,0.00101,0.000671,48,sort,0.52,synthetic,dctcp
dctcp,9.9189,0.8989,0.8586,1.2079,0.0931,0.001212,0.001051,48,io,0.55,synthetic,dctcp
dctcp,9.5403,0.841,0.9409,0.9154,0.1067,0.000874,0.000909,11,sort,0.14,synthetic,dctcp
dctcp,8.9238,0.7949,1.1804,1.4089,0.0821,0.001122,0.000742,42,sort,0.89,synthetic,dctcp
dctcp,9.1811,0.7938,0.8628,0.9127,0.1146,0.000872,0.000776,26,streaming,0.24,synthetic,dctcp
dctcp,9.7478,0.8029,0.9912,0.9901,0.1095,0.00117,0.000922,48,sort,0.22,synthetic,dctcp
dctcp,7.7179,0.8637,1.0224,1.3962,0.0939,0.000845,0.000942,14,io,0.82,synthetic,dctcp
dctcp,8.3754,0.6628,0.8245,1.0469,0.0995,0.000833,0.000895,26,sort,0.34,synthetic,dctcp
dctcp,7.6975,0.8499,1.0668,1.4383,0.1175,0.000812,0.001155,7,sort,0.9,synthetic,dctcp
dctcp,10.5362,0.6041,0.8657,0.9969,0.1157,0.001049,0.000741,35,streaming,0.14,synthetic,dctcp
dctcp,9.4978,0.753,1.1211,1.5175,0.1035,0.001396,0.000691,48,streaming,0.82,synthetic,dctcp
dctcp,9.9,0.808,1.0538,1.2495,0.1146,0.000864,0.000681,39,streaming,0.76,synthetic,dctcp
dctcp,9.695,0.6994,1.0108,1.1661,0.1021,0.000961,0.00093,21,sort,0.68,synthetic,dctcp
dctcp,10.7912,0.7381,0.9201,1.0167,0.0967,0.0011,0.00075,36,io,0.43,synthetic,dctcp
dctcp,9.7158,0.8623,1.1695,1.0936,0.1053,0.001008,0.000986,17,sort,0.55,synthetic,dctcp
dctcp,7.723,0.882,1.0028,1.0325,0.0884,0.001186,0.000702,41,sort,0.62,synthetic,dctcp
dctcp,11.3565,0.8804,1.1404,1.1462,0.1154,0.000698,0.000996,16,sort,0.44,synthetic,dctcp
dctcp,10.1294,0.854,0.9774,1.0633,0.0985,0.000977,0.000705,34,sort,0.23,synthetic,dctcp
dctcp,9.0515,0.6682,0.7609,0.8866,0.0895,0.001071,0.000604,44,sort,0.12,synthetic,dctcp
dctcp,11.0675,0.8121,1.021,1.0216,0.1082,0.000916,0.00058,20,io,0.13,synthetic,dctcp
dctcp,9.042,0.9094,1.2163,1.4135,0.0877,0.001357,0.001015,44,streaming,0.78,synthetic,dctcp
dctcp,11.6402,0.6622,0.9125,0.9677,0.1151,0.000667,0.000539,40,streaming,0.23,synthetic,dctcp
dctcp,10.4461,0.7705,0.8947,1.0087,0.0983,0.000669,0.000637,40,streaming,0.21,synthetic,dctcp
dctcp,9.9709,0.882,1.0677,1.3236,0.1156,0.000713,0.000631,15,sort,0.39,synthetic,dctcp
dctcp,9.9725,0.9287,0.884,1.0854,0.1179,0.001016,0.000892,8,sort,0.72,synthetic,dctcp
dctcp,8.2035,0.8722,1.1243,1.2622,0.1087,0.000969,0.000849,41,io,0.91,synthetic,dctcp
dctcp,10.6649,0.8372,1.1322,1.3864,0.0978,0.00111,0.000679,26,sort,0.48,synthetic,dctcp
dctcp,9.196,0.7558,0.9931,1.1013,0.1017,0.000948,0.000526,5,io,0.26,synthetic,dctcp
dctcp,8.9741,0.8528,1.0905,1.2989,0.1132,0.001425,0.000661,44,sort,0.83,synthetic,dctcp
